club_name,platform,base_url,course_id,postcode,latitude,longitude,scrape_enabled
The Ridge,intelligent_golf,https://www.theridge.co.uk/visitorbooking,1,ME17 3JB,51.222315,0.614479,
Wildernesse,intelligent_golf,https://wildernesse.intelligentgolf.co.uk/visitorbooking,1,TN15 0JE,51.282364,0.222425,
Knole Park,intelligent_golf,https://knolepark.intelligentgolf.co.uk/visitorbooking,1,TN15 0HJ,51.275988,0.202918,
Lamberhurst,intelligent_golf,https://lamberhurst.intelligentgolf.co.uk/visitorbooking,1,TN3 8DT,51.105582,0.397563,
Canterbury,intelligent_golf,https://canterbury.intelligentgolf.co.uk/visitorbooking,241,CT1 1TW,51.278872,1.112503,
Cooden Beach,intelligent_golf,https://coodenbeach.intelligentgolf.co.uk/visitorbooking,1,TN39 4TR,50.835456,0.427579,
Crowborough,intelligent_golf,https://crowborough.intelligentgolf.co.uk/visitorbooking,1,TN6 1UJ,51.048097,0.148172,
Piltdown,intelligent_golf,https://piltdown.intelligentgolf.co.uk/visitorbooking,144,TN22 3XB,50.983061,0.064041,
Haywards Heath,intelligent_golf,https://haywardsheath.intelligentgolf.co.uk/visitorbooking,855,RH16 1SL,51.018533,-0.097127,
West Malling (Spitfire),intelligent_golf,https://westmalling.intelligentgolf.co.uk/visitorbooking,129,ME19 5AR,51.301867,0.367121,
West Malling (Hurricane),intelligent_golf,https://westmalling.intelligentgolf.co.uk/visitorbooking,131,ME19 5AR,51.301867,0.367121,
REGC (Devonshire),intelligent_golf,https://royaleastbourne.intelligentgolf.co.uk/visitorbooking,98,BN20 8BP,50.767364,0.267066,
REGC (Hartington 9),intelligent_golf,https://royaleastbourne.intelligentgolf.co.uk/visitorbooking,99,BN20 8BP,50.767364,0.267066,
Mannings Heath (Waterfall),intelligent_golf,https://manningsheath.intelligentgolf.co.uk/visitorbooking,80,RH13 6PG,51.052704,-0.274781,
Mannings Heath (Kingfisher),intelligent_golf,https://manningsheath.intelligentgolf.co.uk/visitorbooking,1,RH13 6PG,51.052704,-0.274781,
Copthorne,intelligent_golf,https://copthorne.intelligentgolf.co.uk/visitorbooking,1,RH10 3LL,51.138227,-0.110078,
Copthorne (Back 9),intelligent_golf,https://copthorne.intelligentgolf.co.uk/visitorbooking,4,RH10 3LL,51.138227,-0.110078,
Cinque Ports,intelligent_golf,https://members.royalcinqueports.com/visitorbooking,1732,CT14 6RF,51.240676,1.396277,
Nizels,intelligent_golf,https://www.nizelsgolfclub.com/visitorbooking,1,TN11 8NU,51.229814,0.212544,
The Heron (Heron-Hawk),intelligent_golf,https://www.heroncountryclub.uk/visitorbooking,1,CM13 3LW,51.584599,0.362301,
The Heron (Hawk-Vixen),intelligent_golf,https://www.heroncountryclub.uk/visitorbooking,4,CM13 3LW,51.584599,0.362301,
The Heron (Vixen-Heron),intelligent_golf,https://www.heroncountryclub.uk/visitorbooking,3,CM13 3LW,51.584599,0.362301,
Westerham,esp,https://www.e-s-p.com/elitelive,615,TN16 1QN,51.269108,0.091155,
Chart Hills,esp,https://www.e-s-p.com/elitelive,1854,TN27 8JX,51.131130,0.648177,
Prince's,esp,https://www.e-s-p.com/elitelive,157,CT13 9QB,51.284215,1.376942,
Sweetwoods,esp,https://www.e-s-p.com/elitelive,803,TN8 7AY,51.137459,0.089403,
London Club,esp,https://www.e-s-p.com/elitelive,1773,TN15 7EH,51.345980,0.288429,
Birchwood Park,esp,https://www.e-s-p.com/elitelive,2070,DA2 7HJ,51.412630,0.160455,
Redlibbets,golf_manager,https://redlibbets.golfmanager.com,,TN15 7HT,51.366302,0.292689,
Eastbourne Downs,golf_manager,https://eastbourne.golfmanager.com,,BN20 8ES,50.765690,0.247159,
Willingdon,clubv1,https://willingdon.hub.clubv1.com,10566,BN20 9AA,50.789032,0.254947,
Sundridge Park Golf Course (SPGC East),intelligent_golf,https://www.sundridgeparkgolfclub.co.uk/visitorbooking,577,BR1 3NE,51.417647,0.025080,
Sundridge Park Golf Course (SPGC West),intelligent_golf,https://www.sundridgeparkgolfclub.co.uk/visitorbooking,578,BR1 3NE,51.417647,0.025080,
Pedham Place Golf Centre,esp,https://www.e-s-p.com/elitelive,1312,BR8 8PP,51.384027,0.197956,
Chelsfield Lakes Golf Club,esp,https://www.e-s-p.com/elitelive,1271,BR6 9BX,51.361656,0.115794,
Hever Castle Golf Club (Championship),intelligent_golf,https://hever.intelligentgolf.co.uk/visitorbooking,1,TN8 7NP,51.198667,0.113499,
Hever Castle Golf Club (Princes),intelligent_golf,https://hever.intelligentgolf.co.uk/visitorbooking,4,TN8 7NP,51.198667,0.113499,
Royal Blackheath Golf Club,intelligent_golf,https://www.royalblackheath.com/visitorbooking,227,SE9 5AF,51.446476,0.053153,
West Kent Golf Club,intelligent_golf,https://www.wkgc.co.uk/visitorbooking,2,BR6 7LD,51.333788,0.040709,
Sheerness Golf Club,clubv1,https://sheerness.hub.clubv1.com,30036,ME12 3AD,51.427465,0.777180,
Chestfield Golf Club,intelligent_golf,https://chestfield.intelligentgolf.co.uk/visitorbooking,1,CT5 3LU,51.350977,1.065323,
The Weald of Kent Golf Course,intelligent_golf,https://wealdofkent.intelligentgolf.co.uk/visitorbooking,1,TN27 9PT,51.189198,0.604474,
Kings Hill Golf Club,clubv1,https://kingshill.hub.clubv1.com,7925,ME19 4GF,51.268808,0.404115,
Stonelees Golf Centre (The Executive),intelligent_golf,https://stonelees.intelligentgolf.co.uk/visitorbooking,10,CT12 5DJ,51.314429,1.350670,
Stonelees Golf Centre (The Heights),intelligent_golf,https://stonelees.intelligentgolf.co.uk/visitorbooking,11,CT12 5DJ,51.314429,1.350670,
Stonelees Golf Centre (Executive 9/Heights 9),intelligent_golf,https://stonelees.intelligentgolf.co.uk/visitorbooking,13,CT12 5DJ,51.314429,1.350670,
North Foreland Golf Club (North Foreland),intelligent_golf,https://northforeland.intelligentgolf.co.uk/visitorbooking,1,CT10 3PU,51.377654,1.434799,
North Foreland Golf Club (Par 3 Northcliffe),intelligent_golf,https://northforeland.intelligentgolf.co.uk/visitorbooking,2,CT10 3PU,51.377654,1.434799,
Etchinghill Golf Club,esp,https://www.e-s-p.com/elitelive,687,CT18 8FA,51.118040,1.092330,
Langley Park Golf Course,intelligent_golf,https://langleypark.intelligentgolf.co.uk/visitorbooking,1,BR3 6SZ,51.387818,-0.007454,
Mid Sussex Golf Club,intelligent_golf,https://www.midsussexgolfclub.co.uk/visitorbooking,41,BN6 8XJ,50.928673,-0.096157,
Ham Manor,intelligent_golf,https://www.hammanor.co.uk/visitorbooking,881,BN16 4JE,50.822574,-0.498618,
West Sussex Golf Club,intelligent_golf,https://westsussex.intelligentgolf.co.uk/visitorbooking,1,RH20 2EN,50.939416,-0.477878,
Bognor Regis Golf Club,clubv1,https://bognorregis.hub.clubv1.com,1164,PO22 8JD,50.799066,-0.651084,
Seaford Golf Club,intelligent_golf,https://seaford.intelligentgolf.co.uk/visitorbooking,1,BN25 2JD,50.787655,0.108345,
Ifield Golf and Country Club,intelligent_golf,https://www.ifieldgolf.com/visitorbooking,174,RH11 0LN,51.118582,-0.228176,
Royal Ashdown Forest Golf Club (Old),intelligent_golf,https://www.royalashdown.co.uk/visitorbooking,6,RH18 5LR,51.087779,0.043139,
Royal Ashdown Forest Golf Club (West),intelligent_golf,https://www.royalashdown.co.uk/visitorbooking,2,RH18 5LR,51.087779,0.043139,
Dyke Golf Club,clubv1,https://dykegolfclub.hub.clubv1.com,9046,BN1 8YJ,50.872688,-0.200462,
Littlehampton Golf Club,clubv1,https://littlehampton.hub.clubv1.com,15348,BN17 5DL,50.806032,-0.545176,
Hill Barn Golf Club,esp,https://www.e-s-p.com/elitelive,1558,BN14 9QF,50.838266,-0.379351,
Selsey Golf Club,intelligent_golf,https://selsey.intelligentgolf.co.uk/visitorbooking,1,PO20 9DR,50.745615,-0.796206,
Singing Hills Golf Course (Lake/River),intelligent_golf,https://www.singinghillsgolfcourse.co.uk/visitorbooking,1,BN6 9EB,50.920715,-0.208726,
Singing Hills Golf Course (Lake/Valley),intelligent_golf,https://www.singinghillsgolfcourse.co.uk/visitorbooking,2,BN6 9EB,50.920715,-0.208726,
Singing Hills Golf Course (River/Valley),intelligent_golf,https://www.singinghillsgolfcourse.co.uk/visitorbooking,3,BN6 9EB,50.920715,-0.208726,
Singing Hills Golf Course (River/Lake),intelligent_golf,https://www.singinghillsgolfcourse.co.uk/visitorbooking,4,BN6 9EB,50.920715,-0.208726,
Singing Hills Golf Course (Valley/River),intelligent_golf,https://www.singinghillsgolfcourse.co.uk/visitorbooking,5,BN6 9EB,50.920715,-0.208726,
Singing Hills Golf Course (Valley/Lake),intelligent_golf,https://www.singinghillsgolfcourse.co.uk/visitorbooking,6,BN6 9EB,50.920715,-0.208726,
Holtye Golf Club,intelligent_golf,https://www.holtye.com/visitorbooking,1,TN8 7ED,51.131634,0.082708,
Lewes Golf Club,brs,https://visitors.brsgolf.com/lewes,1,BN7 2BB,50.874071,0.020618,
Lindfield Golf Course,brs,https://visitors.brsgolf.com/lindfield,1,RH16 2QN,51.014102,-0.054111,
Lydd Golf Club,brs,https://visitors.brsgolf.com/lydd,1,TN29 9LS,50.968484,0.923197,
Mercure Hythe Imperial Golf Course,brs,https://visitors.brsgolf.com/hythe,1,CT21 6AE,51.068196,1.094860,
Peacehaven Golf Course,brs,https://visitors.brsgolf.com/peacehaven9,1,BN9 9UH,50.789883,0.030933,
Pyecombe Golf Course,brs,https://visitors.brsgolf.com/pyecombe,1,BN45 7FF,50.901959,-0.159882,
Seaford Head Golf Club,brs,https://visitors.brsgolf.com/seafordhead,1,BN25 4JS,50.765807,0.112411,
Walmer and Kingsdown Golf Links,brs,https://visitors.brsgolf.com/walmerandkingsdown,1,CT14 8EP,51.178728,1.403298,
Westgate and Birchington Golf Club,brs,https://visitors.brsgolf.com/westgatebirchington,1,CT8 8LT,51.378688,1.331145,
Cuckfield Golf Centre,intelligent_golf,https://cuckfield.intelligentgolf.co.uk/visitorbooking,2,RH17 5HY,51.017213,-0.157262,
Tilgate Forest Golf Centre,intelligent_golf,https://tilgateforest.intelligentgolf.co.uk/visitorbooking,779,RH10 5EU,51.100601,-0.179887,
Rookwood Golf Course,intelligent_golf,https://rookwood.intelligentgolf.co.uk/visitorbooking,1,RH12 3RR,51.078661,-0.344669,
Slinfold Golf & Country Club (Slinfold Main),intelligent_golf,https://www.slinfoldclub.co.uk/visitorbooking,22,RH13 0RE,51.061590,-0.422556,
Slinfold Golf & Country Club (The Academy),intelligent_golf,https://www.slinfoldclub.co.uk/visitorbooking,145,RH13 0RE,51.061590,-0.422556,
Cherry Lodge Golf Club,brs,https://visitors.brsgolf.com/cherrylodge,1,TN16 3AX,51.314861,0.052324,
Leeds Castle Golf Course,brs,https://visitors.brsgolf.com/leedscastle,1,ME17 1PL,51.249028,0.630469,
St Augustine's Golf Club,brs,https://visitors.brsgolf.com/staugustines,1,CT12 5JN,51.328264,1.355670,
Sedlescombe Golf Club,esp,https://www.e-s-p.com/elitelive,1202,TN33 0SG,50.916377,0.537488,
Darenth Valley Golf Course,esp,https://www.e-s-p.com/elitelive,844,TN14 7SA,51.331431,0.187602,
Ashford Golf Club,clubv1,https://ashfordkent.hub.clubv1.com,8362,TN25 4NT,51.171793,0.856414,
Tenterden Golf Club,clubv1,https://tenterden.hub.clubv1.com,1926,TN30 7DR,51.074535,0.707977,
Bexleyheath Golf Club,clubv1,https://bexleyheath.hub.clubv1.com,2757,DA6 8JS,51.452139,0.129389,
Nevill Golf Club,intelligent_golf,https://www.nevillgolfclub.co.uk/visitorbooking,11,TN2 5JW,51.115467,0.279763,
Cottesmore Golf Club,esp,https://www.e-s-p.com/elitelive,143,RH11 9AT,51.085854,-0.223245,
Broome Park Golf Club,brs,https://visitors.brsgolf.com/broomepark,1,CT4 6QX,51.189959,1.177073,
Horsham Golf Club,intelligent_golf,https://horsham.intelligentgolf.co.uk/visitorbooking,1,RH13 0AX,51.047085,-0.336922,
Crowborough Beacon Golf Club,intelligent_golf,https://www.cbgc.co.uk/visitorbooking,1,TN6 1UJ,51.048097,0.148172,
Royal Cinque Ports Golf Club,intelligent_golf,https://royalcinqueports.intelligentgolf.co.uk/visitorbooking,1732,CT14 6RF,51.240676,1.396277,
Dale Hill Golf Club (Ian Woosnam),shiji,https://bookteetime.dalehill.co.uk,C02,TN5 7DQ,51.048977,0.422304,
Dale Hill Golf Club (Old),shiji,https://bookteetime.dalehill.co.uk,C01,TN5 7DQ,51.048977,0.422304,
East Sussex National (East),shiji,https://book.eastsussexnational.co.uk,ESN,BN8 5ES,50.889536,0.052298,
East Sussex National (West),shiji,https://book.eastsussexnational.co.uk,ESW,BN8 5ES,50.889536,0.052298,
High Elms Golf Course (18 Holes),gladstone,https://mytimeactive.gladstonego.cloud,HEG/HEG18H,BR6 7JL,51.341861,0.064988,false
High Elms Golf Course (9 Holes),gladstone,https://mytimeactive.gladstonego.cloud,HEG/HEG9H,BR6 7JL,51.341861,0.064988,false
Orpington Golf Centre (Cray 18 Holes),gladstone,https://mytimeactive.gladstonego.cloud,OGC/OGC18HC,BR5 3HY,51.405549,0.120810,false
Orpington Golf Centre (Cray 9 Holes),gladstone,https://mytimeactive.gladstonego.cloud,OGC/OGC9HC,BR5 3HY,51.405549,0.120810,false
Orpington Golf Centre (Ruxley 9 Holes),gladstone,https://mytimeactive.gladstonego.cloud,OGC/OGC9HR,BR5 3HY,51.405549,0.120810,false
Bromley Golf Centre (18 Holes),gladstone,https://mytimeactive.gladstonego.cloud,BGC/BGC18H,BR2 8JF,51.383173,0.044570,false
Bromley Golf Centre (9 Holes),gladstone,https://mytimeactive.gladstonego.cloud,BGC/BGC9H,BR2 8JF,51.383173,0.044570,false
Poult Wood Golf Course (18 Holes),gladstone,https://tma.gladstonego.cloud,PWGC/PWG18H,TN11 9QR,51.220088,0.298161,
Poult Wood Golf Course (9 Holes),gladstone,https://tma.gladstonego.cloud,PWGC/PWG9HO,TN11 9QR,51.220088,0.298161,
The Richmond Golf Club,clubv1,https://therichmond.hub.clubv1.com,11700,TW10 7AS,51.439808,-0.296859,
The Woldingham Golf Club,esp,https://www.e-s-p.com/elitelive,1696,CR3 7HA,51.297910,-0.050926,
North Downs Golf Course,golf_manager,https://northdownsgolfclub.golfmanager.com,,CR3 7AA,51.277296,-0.033131,
Croham Hurst Golf Course,intelligent_golf,https://www.chgc.co.uk/visitorbooking,1,CR2 7HJ,51.358417,-0.078336,
Guildford Golf Club,intelligent_golf,https://guildford.intelligentgolf.co.uk/visitorbooking,303,GU1 2HL,51.240565,-0.536126,
Clandon Regis Golf Club,intelligent_golf,https://clandonregis.intelligentgolf.co.uk/visitorbooking,3,GU4 7TT,51.257107,-0.500216,
Abbey Moor Golf Club,brs,https://visitors.brsgolf.com/abbeymoor,1,KT15 2XU,51.376667,-0.502624,
Shirley Park Golf Club,intelligent_golf,https://www.shirleyparkgolfclub.co.uk/visitorbooking,1,CR0 7LB,51.375773,-0.061387,
Dorking Golf Club,intelligent_golf,https://www.dorkinggolfclub.co.uk/visitorbooking,59,RH5 4BX,51.225791,-0.319808,
Tyrrells Wood Golf Course,intelligent_golf,https://www.tyrrellswoodgolfclub.com/visitorbooking,1144,KT22 8QP,51.285400,-0.296567,
Reigate Hill Golf Club,intelligent_golf,https://reigatehill.intelligentgolf.co.uk/visitorbooking,1,RH2 0TU,51.262039,-0.179511,
Malden Golf Club,clubv1,https://malden.hub.clubv1.com,7465,KT3 4RS,51.410017,-0.258408,
Coombe Wood Golf Club,intelligent_golf,https://www.coombewoodgolf.com/visitorbooking,1,KT2 7NS,51.418696,-0.276071,
West Byfleet Golf Club,intelligent_golf,https://westbyfleet.intelligentgolf.co.uk/visitorbooking,312,KT14 6AA,51.334608,-0.511716,
Woodcote Park Golf Club,brs,https://visitors.brsgolf.com/woodcotepark,1,CR5 2QQ,51.328450,-0.150844,
Milford Golf Club,intelligent_golf,https://golf.milfordgolf.co.uk/visitorbooking,1,GU8 5HS,51.169848,-0.638982,
Sutton Green Golf Club,esp,https://www.e-s-p.com/elitelive,931,GU4 7QF,51.284932,-0.560586,
Clandon Golf,brs,https://visitors.brsgolf.com/clandon,1,GU4 7AA,51.245441,-0.524136,
Bramley Golf Club,intelligent_golf,https://www.bramleygolfclub.co.uk/visitorbooking,1,GU5 0AL,51.199043,-0.565625,
West Surrey Golf Club,intelligent_golf,https://www.wsgc.co.uk/visitorbooking,348,GU8 5AF,51.156445,-0.630896,
Reigate Heath Golf Club,intelligent_golf,https://members.reigateheathgc.com/visitorbooking,64,RH2 8QR,51.232963,-0.232211,
Surbiton Golf Club,brs,https://visitors.brsgolf.com/surbiton,1,KT9 1UG,51.369955,-0.324420,
Kingswood Golf & Country Club,intelligent_golf,https://www.kingswood-golf.co.uk/visitorbooking,61,KT20 6NE,51.284836,-0.206315,
Hurtmore Golf Club,brs,https://visitors.brsgolf.com/hurtmore,1,GU7 2RN,51.199115,-0.642471,
Surrey National Golf Club,esp,https://www.e-s-p.com/elitelive,72,CR3 5AA,51.282370,-0.104641,
Sunbury Golf (18 Hole),intelligent_golf,https://golf.sunburygolf.co.uk/visitorbooking,1,TW17 8QA,51.405588,-0.441335,
Sunbury Golf (9 Hole),intelligent_golf,https://golf.sunburygolf.co.uk/visitorbooking,2,TW17 8QA,51.405588,-0.441335,
Burhill Golf Club,esp,https://www.e-s-p.com/elitelive,675,KT12 4BX,51.352731,-0.417278,
Gatton Manor Golf Course,brs,https://visitors.brsgolf.com/gattonmanorgc,1,RH5 5PQ,51.138896,-0.388489,
Epsom Downs Golf Club,intelligent_golf,https://www.epsomgolfclub.co.uk/visitorbooking,1,KT17 4JR,51.323227,-0.244372,
Surrey Downs Golf Club,brs,https://visitors.brsgolf.com/surreydowns,1,KT20 6JS,51.289604,-0.188933,
Thames Ditton and Esher Golf Club,brs,https://visitors.brsgolf.com/thames,1,KT10 9AL,51.378537,-0.350619,
Pyrford Golf Club,golf_manager,https://pyrfordlakes.golfmanager.com,,GU22 8XR,51.315897,-0.495073,
Mitcham Golf Club,clubv1,https://mitcham.hub.clubv1.com,5586,CR4 4HN,51.393008,-0.157614,
Addington Court Golf Club (Falconwood),intelligent_golf,https://golf.addingtoncourt-golfclub.co.uk/visitorbooking,2,CR0 9AA,51.337607,-0.020989,
Addington Court Golf Club (Academy),intelligent_golf,https://golf.addingtoncourt-golfclub.co.uk/visitorbooking,3,CR0 9AA,51.337607,-0.020989,
Addington Court Golf Club (Championship),intelligent_golf,https://golf.addingtoncourt-golfclub.co.uk/visitorbooking,1,CR0 9AA,51.337607,-0.020989,
Lingfield Park Golf Course,brs,https://visitors.brsgolf.com/lingfield,1,RH7 6PQ,51.170161,-0.001329,
Chobham Golf Club,intelligent_golf,https://chobhamgolf.intelligentgolf.co.uk/visitorbooking,1,GU21 2TZ,51.329697,-0.614923,
Limpsfield Chart Golf Club,intelligent_golf,https://www.limpsfieldchartgolf.co.uk/visitorbooking,1,RH8 0SL,51.256559,0.023798,
The Leatherhead Club,intelligent_golf,https://www.theleatherheadclub.com/visitorbooking,1,KT22 0EE,51.320891,-0.330615,
Banstead Downs Golf Club,brs,https://visitors.brsgolf.com/bansteaddowns,1,SM2 7DD,51.339776,-0.203640,
Chipstead Golf Club,intelligent_golf,https://chipstead.intelligentgolf.co.uk/visitorbooking,41,CR5 3LN,51.307880,-0.163191,
The Drift Golf Club,intelligent_golf,https://drift.intelligentgolf.co.uk/visitorbooking,141,KT24 5HD,51.289225,-0.423878,
Addington Palace Golf Club,clubv1,https://addingtonpalace.hub.clubv1.com,6107,CR0 5BB,51.355280,-0.044170,
Silvermere Golf Club,brs,https://visitors.brsgolf.com/silvermere,1,KT11 1EF,51.335097,-0.452296,
Cranleigh Golf Club,esp,https://www.e-s-p.com/elitelive,1019,GU6 7NG,51.152088,-0.474968,
Chigwell Golf Club,intelligent_golf,https://chigwell.intelligentgolf.co.uk/visitorbooking,1,IG7 5BH,51.613500,0.069507,
Woolston Manor Golf & Country Club,brs,https://visitors.brsgolf.com/woolstonmanor,1,IG7 6BX,51.640759,0.093208,
Nazeing Golf Club,brs,https://visitors.brsgolf.com/nazeing,1,EN9 2LW,51.731001,0.030802,
Theydon Bois Golf Club,intelligent_golf,https://theydonbois.intelligentgolf.co.uk/visitorbooking,786,CM16 4EH,51.682876,0.094571,
Blakes Golf Course,brs,https://visitors.brsgolf.com/blakes,1,CM16 6RZ,51.724573,0.186519,
Top Meadow,clubv1,https://topmeadow.hub.clubv1.com,16577,RM14 3PR,51.541953,0.298927,
Millers Barn Golf Park,brs,https://visitors.brsgolf.com/millersbarn,1,CO15 2GF,51.785137,1.121020,
Five Lakes (Lakes),intelligent_golf,https://www.fivelakesgolfclub.co.uk/visitorbooking,148,CM9 8HX,51.786316,0.804177,
Braintree Golf Club,intelligent_golf,https://www.braintreegolfclub.co.uk/visitorbooking,1,CM77 8DD,51.891475,0.604444,
Garon Park Golf Complex,esp,https://www.e-s-p.com/elitelive,729,SS2 4FA,51.554350,0.734742,
Castle Point Golf Course,intelligent_golf,https://castlepoint.intelligentgolf.co.uk/visitorbooking,1,SS8 9FG,51.533742,0.574737,
Warley Park Golf Club,golf_manager,https://warleypark.golfmanager.com,,CM13 3DX,51.590640,0.312299,
Thorndon Park Golf Club,clubv1,https://thorndonpark.hub.clubv1.com,6784,CM13 3RH,51.601133,0.335158,
Notley Golf Course,brs,https://visitors.brsgolf.com/notleys,1,CM8 1ST,51.848526,0.569610,
Ingrebourne Links Golf Course,esp,https://www.e-s-p.com/elitelive,3078,RM13 9FL,51.512404,0.223733,
Canons Brook Golf Course,brs,https://visitors.brsgolf.com/canonsbrook,1,CM19 5BE,51.773138,0.071613,
Brentwood Golf Centre at Hartswood,brs,https://visitors.brsgolf.com/brentwood,1,CM14 5RJ,51.641071,0.243391,
Stapleford Abbotts Golf Course,brs,https://visitors.brsgolf.com/staplefordabbottsgc,1,RM4 1JU,51.630901,0.197242,
Colne Valley Golf Club,intelligent_golf,https://colnevalley.intelligentgolf.co.uk/visitorbooking,1,CO6 2LT,51.931064,0.692728,
Golf Kingdom,intelligent_golf,https://chadwellheath.intelligentgolf.co.uk/visitorbooking,1,RM6 6SB,51.578193,0.141742,
Maylands Golf Club,brs,https://visitors.brsgolf.com/maylands,1,RM3 0AZ,51.605873,0.250348,
Romford Golf Club,intelligent_golf,https://www.romfordgolfclub.com/visitorbooking,1,RM2 5QB,51.587284,0.199206,
Wanstead Golf Club,brs,https://visitors.brsgolf.com/wanstead,1,E11 2LW,51.571470,0.034897,
Belhus Park Golf Club,gladstone,https://impulseleisure.gladstonego.cloud,GOLF/GOLF/18,RM15 4QR,51.506807,0.263392,false
Park Wood Golf Club,brs,https://visitors.brsgolf.com/parkwood,1,TN16 2EJ,51.286516,0.040877,
Brighton & Hove Golf Club,intelligent_golf,https://brighton.intelligentgolf.co.uk/visitorbooking,1,BN1 8YJ,50.872688,-0.200462,
Chichester Golf Club,esp,https://www.e-s-p.com/elitelive,1607,PO20 1AX,50.796673,-0.777499,
East Brighton Golf Club,intelligent_golf,https://eastbrighton.intelligentgolf.co.uk/visitorbooking,1,BN2 5RA,50.815972,-0.100359,
Hampton Court Palace Golf Club,golf_manager,https://hamptoncourtpalace.golfmanager.com,,KT1 4AD,51.399713,-0.314450,
West Essex Golf Club,intelligent_golf,https://westessex.intelligentgolf.co.uk/visitorbooking,1,E4 7QL,51.644966,0.010420,
The Rayleigh Club,clubv1,https://therayleighclub.hub.clubv1.com,16252,SS6 9QS,51.611855,0.608377,
Three Rivers Golf & Country Club,esp,https://www.e-s-p.com/elitelive,1219,CM3 6RR,51.671390,0.660976,
Cams Hall Estate Golf Course (Creek Back 9 & Park),intelligent_golf,https://golf.camshallgolf.co.uk/visitorbooking,57,PO16 8UP,50.846113,-1.168465,
Cams Hall Estate Golf Course (Creek Front 9),intelligent_golf,https://golf.camshallgolf.co.uk/visitorbooking,174,PO16 8UP,50.846113,-1.168465,
Cams Hall Estate Golf Course (Creek),intelligent_golf,https://golf.camshallgolf.co.uk/visitorbooking,1,PO16 8UP,50.846113,-1.168465,
Cams Hall Estate Golf Course (Park & Creek Front 9),intelligent_golf,https://golf.camshallgolf.co.uk/visitorbooking,11,PO16 8UP,50.846113,-1.168465,
Cams Hall Estate Golf Course (Park Course 9 Holes),intelligent_golf,https://golf.camshallgolf.co.uk/visitorbooking,2,PO16 8UP,50.846113,-1.168465,
Hayling Golf Club,intelligent_golf,https://hayling.intelligentgolf.co.uk/visitorbooking,1,PO11 0BX,50.787667,-1.007334,
Southwick Park Golf Course,intelligent_golf,https://www.southwickparkgolfclub.com/visitorbooking,77,PO17 6EL,50.872303,-1.099794,
Lee-on-the-Solent Golf Course,intelligent_golf,https://www.leegolf.co.uk/visitorbooking,1,PO13 9PB,50.814729,-1.186497,
Stoneham Golf Club,intelligent_golf,https://www.stonehamgolfclub.org.uk/visitorbooking,1,SO16 3TT,50.947194,-1.392503,
Weybrook Park Golf Club (Weybrook Park West),intelligent_golf,https://weybrookpark.intelligentgolf.co.uk/visitorbooking,3,RG24 9NT,51.284542,-1.120306,
Weybrook Park Golf Club (Weybrook Park East),intelligent_golf,https://weybrookpark.intelligentgolf.co.uk/visitorbooking,2,RG24 9NT,51.284542,-1.120306,
Weybrook Park Golf Club (Combo East to WF9),intelligent_golf,https://weybrookpark.intelligentgolf.co.uk/visitorbooking,26,RG24 9NT,51.284542,-1.120306,
Basingstoke Golf Club,intelligent_golf,https://www.basingstokegolfclub.co.uk/visitorbooking,1,RG25 2AD,51.213130,-1.158778,
Blackwater Valley Golf Centre,clubv1,https://blackwatervalley.hub.clubv1.com,23406,GU46 7SZ,51.349012,-0.828227,
Royal Winchester Golf Club,intelligent_golf,https://www.royalwinchestergolfclub.com/visitorbooking,1,SO22 5QE,51.059649,-1.349651,
Avington Park Golf Course,intelligent_golf,https://www.avingtongolf.co.uk/visitorbooking,1,SO21 1BZ,51.090556,-1.226930,
South Winchester Golf Club,intelligent_golf,https://golf.southwinchestergolf.co.uk/visitorbooking,1,SO22 5QX,51.049138,-1.356475,
Hockley Golf Club,intelligent_golf,https://hockley.intelligentgolf.co.uk/visitorbooking,1,SO21 1PL,51.035539,-1.316287,
Gosport & Stokes Bay Golf Course,clubv1,https://gsb.hub.clubv1.com,5563,PO12 2AT,50.779424,-1.131749,
Petersfield Golf Club,intelligent_golf,https://www.petersfieldgolfclub.co.uk/visitorbooking,1,GU33 7QY,51.026744,-0.908665,
Petersfield Golf Club (South Petersfield),intelligent_golf,https://www.petersfieldgolfclub.co.uk/visitorbooking,19,GU33 7QY,51.026744,-0.908665,
Test Valley Golf Club,intelligent_golf,https://testvalley.intelligentgolf.co.uk/visitorbooking,1,RG25 3DS,51.213488,-1.261295,
Test Valley Golf Club (Front 9),intelligent_golf,https://testvalley.intelligentgolf.co.uk/visitorbooking,11,RG25 3DS,51.213488,-1.261295,
Burley Golf Club,intelligent_golf,https://burley.intelligentgolf.co.uk/visitorbooking,1,BH24 4BB,50.824731,-1.689048,
Alton Golf Club,clubv1,https://alton.hub.clubv1.com,8865,GU34 4BU,51.173690,-0.980188,
Sherfield Oaks Golf Club,golf_manager,https://sherfieldoaks.golfmanager.com,,RG27 0HB,51.308258,-1.015655,
East Horton Golf Club (Greenwood),brs,https://visitors.brsgolf.com/easthorton,1,SO50 7EA,50.967740,-1.278233,
East Horton Golf Club (Parkland),brs,https://visitors.brsgolf.com/easthorton,3,SO50 7EA,50.967740,-1.278233,
East Horton Golf Club (Marwell),brs,https://visitors.brsgolf.com/easthorton,5,SO50 7EA,50.967740,-1.278233,
Wickham Park Golf Course,intelligent_golf,https://golf.wickhamparkgolf.co.uk/visitorbooking,1,PO17 5PJ,50.900757,-1.201182,
Boundary Lakes Golf Club,brs,https://visitors.brsgolf.com/ageasbowl,1,SO30 3XH,50.924767,-1.320772,
Skylark Golf & Country Club,intelligent_golf,https://skylark.intelligentgolf.co.uk/visitorbooking,62,PO15 6TJ,50.874953,-1.235706,
Bramshaw Golf Course (Manor Course),chronogolf,https://www.chronogolf.com/club/18870,22908/109234,SO43 7HE,50.921523,-1.612501,
Bramshaw Golf Course (Forest Course),chronogolf,https://www.chronogolf.com/club/18870,22909/109234,SO43 7HE,50.921523,-1.612501,
Lullingstone Park Golf Course (Valley Course),chronogolf,https://www.chronogolf.com/club/19204,23892/123137,BR6 7PX,51.360609,0.159803,
Lullingstone Park Golf Course (Castle Course),chronogolf,https://www.chronogolf.com/club/19204,23885/123137,BR6 7PX,51.360609,0.159803,
Old Thorns,chronogolf,https://www.chronogolf.com/club/18899,23002/110177,GU30 7PE,51.074978,-0.830392,
Paultons Golf Centre,chronogolf,https://www.chronogolf.com/club/18539,22070/97861,SO51 6AN,50.960510,-1.553299,
Worldham Golf Club,chronogolf,https://www.chronogolf.com/club/19730,27933/146359,GU34 3BF,51.141682,-0.956349,
Andover Golf Club,intelligent_golf,https://andover.intelligentgolf.co.uk/visitorbooking,1,SP10 2EF,51.199824,-1.479998,
Bishopswood Golf Course,intelligent_golf,https://www.bishopswood.golf/visitorbooking,1,RG26 4AT,51.349337,-1.156772,
New Forest Golf Club,brs,https://visitors.brsgolf.com/newforestengland,1,SO43 7BU,50.875330,-1.564363,
Waterlooville Golf Course,clubv1,https://waterlooville.hub.clubv1.com,5546,PO8 8AP,50.892622,-1.008289,
Old Fold Manor Golf Course,intelligent_golf,https://www.oldfoldmanor.co.uk/visitorbooking,1,EN5 4QN,51.664508,-0.200181,
Harpenden Golf Course,intelligent_golf,https://harpenden.intelligentgolf.co.uk/visitorbooking,1,AL5 2AX,51.799198,-0.365972,
Porters Park Golf Club,intelligent_golf,https://www.portersparkgolfclub.co.uk/visitorbooking,1,WD7 7AZ,51.687916,-0.309089,
Pinner Hill Golf Club,intelligent_golf,https://www.pinnerhillgc.co.uk/visitorbooking,1,HA5 3YA,51.613023,-0.400457,
The Nine of Herts,intelligent_golf,https://nineofherts.intelligentgolf.co.uk/visitorbooking,1,WD3 1JS,51.628239,-0.460488,
Aldenham Golf Club (Church),brs,https://visitors.brsgolf.com/aldenham,1,WD25 8NN,51.672069,-0.355771,
Aldenham Golf Club (Village),brs,https://visitors.brsgolf.com/aldenham,3,WD25 8NN,51.672069,-0.355771,
Aldwickbury Park Golf Course,esp,https://www.e-s-p.com/elitelive,1684,AL5 1AB,51.811961,-0.334190,
Little Hay Golf Complex,chronogolf,https://www.chronogolf.com/club/18832,22782/107350,HP3 0DT,51.735542,-0.521304,
Little Hay Golf Complex (Pitch & Putt),chronogolf,https://www.chronogolf.com/club/18832,24000/107350,HP3 0DT,51.735542,-0.521304,
Essendon Country Club (Old),intelligent_golf,https://www.essendoncc.co.uk/visitorbooking,5,AL9 6HN,51.759439,-0.142925,
Essendon Country Club (New),intelligent_golf,https://www.essendoncc.co.uk/visitorbooking,6,AL9 6HN,51.759439,-0.142925,
Whitehill Golf,brs,https://visitors.brsgolf.com/whitehill,1,SG12 0JS,51.870245,-0.054619,
Mill Green Golf Club,golf_manager,https://millgreen.golfmanager.com,,AL7 4TY,51.775736,-0.192092,
Great Hadham Golf Course,intelligent_golf,https://greathadham.intelligentgolf.co.uk/visitorbooking,865,SG10 6JE,51.856250,0.105343,
Chesfield Downs Golf Club (Chesfield Downs),intelligent_golf,https://golf.chesfielddownsgolf.co.uk/visitorbooking,1,SG4 7EQ,51.949721,-0.202492,
Chesfield Downs Golf Club (Par 3),intelligent_golf,https://golf.chesfielddownsgolf.co.uk/visitorbooking,2,SG4 7EQ,51.949721,-0.202492,
Redbourn Golf Club,esp,https://www.e-s-p.com/elitelive,1693,AL3 7QA,51.811994,-0.391433,
Ash Valley Golf Club (Valley Course),brs,https://visitors.brsgolf.com/ashvalley,1,SG10 6HD,51.867439,0.071818,
Ash Valley Golf Club (Little Links),brs,https://visitors.brsgolf.com/ashvalley,3,SG10 6HD,51.867439,0.071818,
Batchworth Park Golf Club,intelligent_golf,https://batchworthpark.intelligentgolf.co.uk/visitorbooking,1,WD3 1JS,51.628239,-0.460488,
Mid Herts Golf Club,intelligent_golf,https://www.midhertsgolfclub.co.uk/visitorbooking,1,AL4 8RS,51.827421,-0.294263,
Royston Golf Club,intelligent_golf,https://www.roystongolfclub.co.uk/visitorbooking,1,SG8 5BG,52.047884,-0.028595,
Brocket Hall (Melbourne 2026),intelligent_golf,https://brocket.intelligentgolf.co.uk/visitorbooking,64,AL8 7XG,51.801756,-0.244020,
Brocket Hall (Palmerston 2026),intelligent_golf,https://brocket.intelligentgolf.co.uk/visitorbooking,65,AL8 7XG,51.801756,-0.244020,
Berkhamsted Golf Club,intelligent_golf,https://www.berkhamstedgolfclub.co.uk/visitorbooking,1,HP4 2QB,51.770038,-0.547495,
Calcot Park Golf Club,intelligent_golf,https://www.calcotpark.com/visitorbooking,977,RG31 7RN,51.445401,-1.035889,
The Caversham,intelligent_golf,https://caversham.intelligentgolf.co.uk/visitorbooking,1,RG4 7UT,51.489115,-1.006161,
The Club at Mapledurham,intelligent_golf,https://golf.theclubatmapledurham.com/visitorbooking,117,RG4 7UD,51.489965,-0.998278,
The West Berkshire Golf Club,brs,https://visitors.brsgolf.com/westberkshire,1,RG20 7DU,51.493323,-1.390727,
Bird Hills Golf Centre,intelligent_golf,https://birdhills.intelligentgolf.co.uk/visitorbooking,1,SL6 3ST,51.467580,-0.750475,
Billingbear Park Golf Course,brs,https://visitors.brsgolf.com/billingbearold,1,RG40 5SJ,51.443869,-0.818247,
Newbury & Crookham Golf Club,intelligent_golf,https://newburygolf.intelligentgolf.co.uk/visitorbooking,1,RG19 8BZ,51.382917,-1.292093,
Donnington Grove Country Club,brs,https://visitors.brsgolf.com/donningtongrove,1,RG14 2LA,51.417642,-1.339646,
Royal Ascot Golf Club,intelligent_golf,https://royalascot.intelligentgolf.co.uk/visitorbooking,1,SL5 7LJ,51.416452,-0.667410,
Donnington Valley Golf Club,intelligent_golf,https://donningtonvalley.intelligentgolf.co.uk/visitorbooking,1,RG14 3AG,51.421641,-1.328255,
Goring & Streatley Golf Club,intelligent_golf,https://goring.intelligentgolf.co.uk/visitorbooking,477,RG8 9QA,51.528843,-1.160784,
Twisted Stone Golf Course,brs,https://visitors.brsgolf.com/twistedstonegc,1,GU22 8UE,51.326548,-0.501657,
Chartham Park,intelligent_golf,https://golf.charthampark.com/visitorbooking,103,RH19 2JT,51.148322,-0.026508,
North Middlesex Golf Club,clubv1,https://northmiddlesex.hub.clubv1.com,7018,N20 0NL,51.621663,-0.165573,
Hendon Golf Course,intelligent_golf,https://hendon.intelligentgolf.co.uk/visitorbooking,1,NW7 1DG,51.607001,-0.220133,
Dukes Meadows Golf,brs,https://visitors.brsgolf.com/dukesmeadows,1,W4 2SH,51.473573,-0.256349,
Arkley Golf Club,golf_manager,https://arkley9.golfmanager.com,,EN5 3HL,51.647663,-0.238575,
Fulwell Golf Club,brs,https://visitors.brsgolf.com/fulwell,1,TW12 1JY,51.432154,-0.352719,
Muswell Hill Golf Club,intelligent_golf,https://muswellhill.intelligentgolf.co.uk/visitorbooking,1,N22 7UT,51.600756,-0.137016,
The Inspiration Club,intelligent_golf,https://inspirationclub.intelligentgolf.co.uk/visitorbooking,2,UB5 6RD,51.546040,-0.399966,
Finchley Golf Course,intelligent_golf,https://www.finchleygolfclub.com/visitorbooking,1,NW7 1PU,51.609820,-0.202128,
Hainault Forest Golf Club (The London),intelligent_golf,https://hainault.intelligentgolf.co.uk/visitorbooking,1,IG7 4QW,51.605902,0.134251,
Hainault Forest Golf Club (The Old),intelligent_golf,https://hainault.intelligentgolf.co.uk/visitorbooking,2,IG7 4QW,51.605902,0.134251,
Royal Mid-Surrey Golf Club (Pam Barton),intelligent_golf,https://midsurrey.intelligentgolf.co.uk/visitorbooking,1,TW9 2SB,51.467031,-0.306960,
Royal Mid-Surrey Golf Club (J H Taylor),intelligent_golf,https://midsurrey.intelligentgolf.co.uk/visitorbooking,2,TW9 2SB,51.467031,-0.306960,
Royal Mid-Surrey Golf Club (Composite),intelligent_golf,https://midsurrey.intelligentgolf.co.uk/visitorbooking,3,TW9 2SB,51.467031,-0.306960,
Aspley Guise & Woburn Sands Golf Club,intelligent_golf,https://aspley.intelligentgolf.co.uk/visitorbooking,1047,MK17 8DX,52.012407,-0.636196,
Whiteleaf Golf Club,clubv1,https://whiteleaf.hub.clubv1.com,10048,HP27 0LY,51.734359,-0.812853,
Ivinghoe Golf Club,clubv1,https://ivinghoe.hub.clubv1.com,22113,LU7 9EF,51.838343,-0.629453,
Chiltern Forest Golf Course,brs,https://visitors.brsgolf.com/chilternforest,1,HP22 5NQ,51.782022,-0.707572,
Wycombe Heights Golf Centre,esp,https://www.e-s-p.com/elitelive,454,HP10 9SZ,51.616814,-0.701067,
Beaconsfield Golf Club,intelligent_golf,https://www.beaconsfieldgolfclub.co.uk/visitorbooking,41,HP9 2UR,51.609641,-0.608729,
Oakland Park Golf Club,brs,https://visitors.brsgolf.com/oaklandpark,1,HP8 4LW,51.626198,-0.587895,
Abbey Hill Golf Centre,esp,https://www.e-s-p.com/elitelive,39,MK8 8AA,52.044110,-0.810398,
Oxford Golf Club,brs,https://visitors.brsgolf.com/oxford,1,OX4 1PF,51.747242,-1.221088,
Drayton Park Golf Club,brs,https://visitors.brsgolf.com/draytonpark18,1,OX14 4LA,51.638628,-1.314104,
Burford Golf Club,intelligent_golf,https://burford.intelligentgolf.co.uk/visitorbooking,2,OX18 4JG,51.801817,-1.640474,
Kirtlington Golf Club,intelligent_golf,https://members.kirtlingtongolfclub.com/visitorbooking,1,OX5 3JY,51.868980,-1.290026,
Kirtlington Golf Club (Blenheim),intelligent_golf,https://members.kirtlingtongolfclub.com/visitorbooking,2,OX5 3JY,51.868980,-1.290026,
Bicester Golf Hotel & Spa,clubv1,https://bicester.hub.clubv1.com,22770,OX26 1TH,51.886394,-1.197342,
Henley Golf Club,intelligent_golf,https://www.henleygc.com/visitorbooking,1,RG9 4HG,51.520994,-0.904488,
Hinksey Heights Golf Course,clubv1,https://hinkseyheights.hub.clubv1.com,13728,OX1 5AB,51.734897,-1.276039,
Tilsworth Golf Course,brs,https://visitors.brsgolf.com/tilsworth,1,LU7 9PU,51.914433,-0.572837,
The Millbrook Golf Club (1st Tee),brs,https://visitors.brsgolf.com/millbrook,1,MK45 2JB,52.033099,-0.534904,
Leighton Buzzard Golf Club,intelligent_golf,https://www.lbgc.co.uk/visitorbooking,1,LU7 3JF,51.939260,-0.663648,
Bedford and County Golf Club,intelligent_golf,https://bedfordcounty.intelligentgolf.co.uk/visitorbooking,290,MK41 6ET,52.170601,-0.479639,
South Beds Golf Club,clubv1,https://southbeds.hub.clubv1.com,364,LU2 7AE,51.927357,-0.414666,
Aylesbury Vale Golf Club (18 Holes),brs,https://visitors.brsgolf.com/aylesburyvale,1,LU7 0UJ,51.916610,-0.740059,
Cainhoe Wood Golf Club (Manor),intelligent_golf,https://cainhoewood.intelligentgolf.co.uk/visitorbooking,1,SG17 5PH,52.032607,-0.379606,
Ely City Golf Club,intelligent_golf,https://www.elygolf.co.uk/visitorbooking,1,CB7 4HX,52.390061,0.254991,
March Golf Club,clubv1,https://marchgc.hub.clubv1.com,9276,PE15 0YH,52.527494,0.068252,
Ramsey Golf & Bowls Club,brs,https://visitors.brsgolf.com/ramsey,1,PE26 1DD,52.440431,-0.106066,
Elton Furze Golf Club,clubv1,https://eltonfurze.hub.clubv1.com,5662,PE7 3TT,52.532136,-0.356092,
Kingsthorpe Golf Course,brs,https://visitors.brsgolf.com/kingsthorpe,1,NN2 7BU,52.260176,-0.887504,
Kilworth Springs,intelligent_golf,https://kilworth.intelligentgolf.co.uk/visitorbooking,2,LE17 6HJ,52.435836,-1.096688,
Oundle Golf Club,brs,https://visitors.brsgolf.com/oundle,1,PE8 5TN,52.479223,-0.502059,
Hellidon Lakes Golf Club (The Hellidon),brs,https://visitors.brsgolf.com/hellidon,1,NN11 6GG,52.219240,-1.263909,
Hellidon Lakes Golf Club (The Lakes),brs,https://visitors.brsgolf.com/hellidon,2,NN11 6GG,52.219240,-1.263909,
Hellidon Lakes Golf Club (The Valley),brs,https://visitors.brsgolf.com/hellidon,3,NN11 6GG,52.219240,-1.263909,
Collingtree Park Golf Club (1st Tee),brs,https://visitors.brsgolf.com/collingtree,1,NN4 0PA,52.198753,-0.904007,
Rushden Golf Club,clubv1,https://rushden.hub.clubv1.com,23641,NN9 6AN,52.307403,-0.560494,
St Audrys Golf Club,clubv1,https://staudrys.hub.clubv1.com,19249,IP12 1SX,52.115954,1.338981,
Bury St Edmunds Golf Club - Championship Course (18 Hole Course 1st Tee),brs,https://visitors.brsgolf.com/burystedmundsgc,1,IP28 6LG,52.256965,0.686052,
Bury St Edmunds Golf Club - Championship Course (Greene King 9 Hole Course),brs,https://visitors.brsgolf.com/burystedmundsgc,3,IP28 6LG,52.256965,0.686052,
Stowmarket Golf Club,clubv1,https://stowmarket.hub.clubv1.com,17629,IP14 3EF,52.187077,0.945049,
Rookery Park Golf Club - Main Course,brs,https://visitors.brsgolf.com/rookerypark,1,NR33 8HJ,52.459980,1.679619,
Ipswich Golf Club,clubv1,https://ipswichgc.hub.clubv1.com,15346,IP3 8UQ,52.043210,1.217545,
Thorpeness Hotel & Golf Club,intelligent_golf,https://thorpeness.intelligentgolf.co.uk/visitorbooking,101,IP16 4NH,52.188514,1.603533,
Eaton Golf Club Norwich (1st Tee),brs,https://visitors.brsgolf.com/eatonnorfolk,1,NR4 6ND,52.605159,1.266736,
Costessey Park Golf Course,brs,https://visitors.brsgolf.com/costessey,1,NR8 5AL,52.657293,1.192245,
Thetford Golf Club (Thetford),intelligent_golf,https://www.thetfordgolfclub.co.uk/visitorbooking,1,IP24 3NE,52.418555,0.713523,
Great Yarmouth and Caister Golf Club,brs,https://visitors.brsgolf.com/greatyarmouth,1,NR30 5TD,52.638147,1.732735,
Bawburgh Golf Course,brs,https://visitors.brsgolf.com/bawburgh,1,NR9 3LU,52.642382,1.175183,
Caldecott Hall (Main Course),brs,https://visitors.brsgolf.com/caldecotthall,1,NR31 9EY,52.557141,1.648019,
Mattishall Golf Club,brs,https://visitors.brsgolf.com/mattishall,1,NR20 3JZ,52.646562,1.038664,
Whitley Golf Club,brs,https://visitors.brsgolf.com/whitley,1,SN12 8EQ,51.392254,-2.157169,
Rushmore Golf Club,intelligent_golf,https://www.rushmoregolfclub.co.uk/visitorbooking,1,SP5 5QB,50.963898,-2.055749,
Ogbourne Downs Golf Club,intelligent_golf,https://ogbournedowns.intelligentgolf.co.uk/visitorbooking,1,SN8 1TB,51.474959,-1.705715,
Marlborough Golf Course (Marlborough),intelligent_golf,https://www.marlboroughgolfclub.co.uk/visitorbooking,1295,SN8 1DU,51.431931,-1.737068,
Wiltshire Golf and Country Club (Lakes),brs,https://visitors.brsgolf.com/wiltshire,1,SN4 7PB,51.523367,-1.931198,
Wiltshire Golf and Country Club (Garden),brs,https://visitors.brsgolf.com/wiltshire,3,SN4 7PB,51.523367,-1.931198,
Salisbury Golf Centre (Cathedral),intelligent_golf,https://salisbury.intelligentgolf.co.uk/visitorbooking,1,SP2 8PR,51.076719,-1.832329,
Salisbury Golf Centre (Bibury 9 Hole),intelligent_golf,https://salisbury.intelligentgolf.co.uk/visitorbooking,242,SP2 8PR,51.076719,-1.832329,
Tidworth Garrison Golf Club,intelligent_golf,https://www.tidworthgolfclub.co.uk/visitorbooking,1,SP9 7AF,51.229813,-1.691847,
Upavon Golf Club,intelligent_golf,https://www.upavongolfclub.co.uk/visitorbooking,1,SN9 6BQ,51.296746,-1.783908,
Basset Down Golf Course (Basset Down GC),intelligent_golf,https://www.basset-down.com/visitorbooking,2,SN4 9QW,51.524860,-1.841751,
High Post Golf Club,intelligent_golf,https://www.highpostgolfclub.co.uk/visitorbooking,1136,SP4 6AT,51.131386,-1.780685,
Meyrick Park Golf Course,intelligent_golf,https://golf.theclubatmeyrickpark.com/visitorbooking,1,BH2 6LH,50.728618,-1.887555,
Lyme Regis Golf Club (1st Tee),brs,https://visitors.brsgolf.com/lymeregis,1,DT7 3HQ,50.739897,-2.922782,
Came Down Golf Club (1st Tee),brs,https://visitors.brsgolf.com/camedown,1,DT2 8NR,50.676756,-2.444431,
Parley Golf Centre Course,brs,https://visitors.brsgolf.com/parley,1,BH23 6BB,50.773371,-1.849236,
Broadstone Golf Club,intelligent_golf,https://broadstone.intelligentgolf.co.uk/visitorbooking,1,BH18 8DQ,50.772894,-1.994155,
Bulbury Woods Golf Club,brs,https://visitors.brsgolf.com/bulburywoods,1,BH16 6HR,50.744273,-2.105051,
Highcliffe Castle Golf Club,intelligent_golf,https://www.highcliffecastlegolfclub.co.uk/visitorbooking,1,BH23 4LA,50.738365,-1.720138,
Ashley Wood Golf Club,brs,https://visitors.brsgolf.com/ashleywood,1,DT11 9HN,50.851703,-2.112554,
Queen's Park Golf Course,brs,https://visitors.brsgolf.com/queensparkgc,1,BH8 9HA,50.740971,-1.843940,
Sturminster Marshall Golf Club,brs,https://visitors.brsgolf.com/sturminstermarshall,1,BH21 4BD,50.796716,-2.068314,
Wareham Golf Club,clubv1,https://wareham.hub.clubv1.com,27957,BH20 4DH,50.700855,-2.117993,
Wessex Golf Centre,clubv1,https://wessex.hub.clubv1.com,23101,DT4 9XH,50.620498,-2.488294,
Isle of Purbeck Golf Course (Purbeck),intelligent_golf,https://www.purbeckgolf.co.uk/visitorbooking,41,BH19 3AB,50.640343,-1.982386,
Isle of Purbeck Golf Course (Dene),intelligent_golf,https://www.purbeckgolf.co.uk/visitorbooking,152,BH19 3AB,50.640343,-1.982386,
Christchurch Golf Club - Stour Course,brs,https://visitors.brsgolf.com/christchurchmightyclaws,1,BH7 7ES,50.752869,-1.810272,
Yeovil Golf Club (Old),intelligent_golf,https://www.yeovilgolfclub.com/visitorbooking,184,BA21 5BW,50.939253,-2.606416,
Yeovil Golf Club (Newton),intelligent_golf,https://www.yeovilgolfclub.com/visitorbooking,393,BA21 5BW,50.939253,-2.606416,
Wells Golf Club,intelligent_golf,https://www.wellsgolfclub.co.uk/visitorbooking,1,BA5 3DS,51.209527,-2.620714,
Saltford Golf Club,intelligent_golf,https://www.saltfordgolfclub.co.uk/visitorbooking,1,BS31 3AA,51.393935,-2.459326,
Mendip Spring Golf Club - Brinsea Championship Course (Brinsea),intelligent_golf,https://www.mendipspringgolfclub.com/visitorbooking,1,BS49 5JT,51.351647,-2.817190,
Mendip Spring Golf Club - Brinsea Championship Course (Lakeside),intelligent_golf,https://www.mendipspringgolfclub.com/visitorbooking,3,BS49 5JT,51.351647,-2.817190,
Clevedon Golf Club,intelligent_golf,https://www.clevedongolfclub.co.uk/visitorbooking,215,BS21 7AA,51.455120,-2.840183,
Tall Pines Golf Club,intelligent_golf,https://tallpines.intelligentgolf.co.uk/visitorbooking,2,BS48 3DJ,51.388425,-2.728987,
Bristol & Clifton Golf Club (Bristol & Clifton 2025),intelligent_golf,https://www.bristolandcliftongolfclub.co.uk/visitorbooking,800,BS8 3TH,51.447535,-2.679753,
Orchardleigh Golf Club,brs,https://visitors.brsgolf.com/orchardleigh,1,BA11 2PB,51.260903,-2.319115,
Tickenham Golf Club,brs,https://visitors.brsgolf.com/tickenham,1,BS21 6RY,51.446777,-2.780667,
Long Ashton Golf Club,intelligent_golf,https://longashton.intelligentgolf.co.uk/visitorbooking,1,BS41 9DN,51.435406,-2.667105,
Bath Golf Club (Bath GC),intelligent_golf,https://www.bathgolfclub.org.uk/visitorbooking,522,BA2 6JG,51.384909,-2.329181,
Thornbury Golf Centre,esp,https://www.e-s-p.com/elitelive,2125,BS35 3XL,51.598843,-2.537247,
Gloucester Golf Club,brs,https://visitors.brsgolf.com/gloucester,1,GL4 6DX,51.831288,-2.227392,
Lilley Brook Golf Course,clubv1,https://lilleybrook.hub.clubv1.com,520,GL53 8EG,51.869917,-2.056707,
Brickhampton Court Golf Complex (Glevum Course),chronogolf,https://www.chronogolf.com/club/19511,27342/136730,GL2 9QF,51.895864,-2.189342,
Forest Hills Golf Club,intelligent_golf,https://foresthills.intelligentgolf.co.uk/visitorbooking,1,GL16 7QB,51.802379,-2.607666,
Stinchcombe Hill Golf Course,clubv1,https://stinchcombehill.hub.clubv1.com,8112,GL11 6AQ,51.683868,-2.375097,
Filton Golf Course,clubv1,https://filton.hub.clubv1.com,6095,BS10 6LL,51.511385,-2.589466,
Naunton Downs Golf Club,brs,https://visitors.brsgolf.com/nauntondownsgc,1,GL54 3AE,51.904572,-1.837418,
Woodlands Golf & Country Club (Masters),intelligent_golf,https://woodlands.intelligentgolf.co.uk/visitorbooking,2,BS32 4JZ,51.549595,-2.540730,
Woodlands Golf & Country Club (Signature),intelligent_golf,https://woodlands.intelligentgolf.co.uk/visitorbooking,1,BS32 4JZ,51.549595,-2.540730,
Bristol Golf Club (Championship),intelligent_golf,https://golf.bristolgolfclub.co.uk/visitorbooking,1,BS32 4DQ,51.535232,-2.600168,
Bristol Golf Club (Par 3),intelligent_golf,https://golf.bristolgolfclub.co.uk/visitorbooking,2,BS32 4DQ,51.535232,-2.600168,
Cirencester Golf Club,brs,https://visitors.brsgolf.com/cirencester,1,GL7 7FA,51.743062,-1.982171,
South Cerney Golf Course,intelligent_golf,https://southcerney.intelligentgolf.co.uk/visitorbooking,1,GL7 5QD,51.681517,-1.920200,
Sherdons Golf Centre,intelligent_golf,https://sherdons.intelligentgolf.co.uk/visitorbooking,2,GL20 7BP,51.968135,-2.132385,
Rodway Hill Golf Club,brs,https://visitors.brsgolf.com/rodwayhill,1,GL2 8DR,51.881199,-2.312034,
Minchinhampton Golf Club (Cherington),intelligent_golf,https://members.minchinhamptongolfclub.co.uk/visitorbooking,779,GL6 9BE,51.688716,-2.160399,
Minchinhampton Golf Club (Avening),intelligent_golf,https://members.minchinhamptongolfclub.co.uk/visitorbooking,780,GL6 9BE,51.688716,-2.160399,
Minchinhampton Golf Club (Old),intelligent_golf,https://members.minchinhamptongolfclub.co.uk/visitorbooking,781,GL6 9BE,51.688716,-2.160399,
Cleeve Hill Golf Club,brs,https://visitors.brsgolf.com/cleevehillch,1,GL52 3PR,51.936049,-2.016995,
Henbury Golf Club,intelligent_golf,https://www.henburygolfclub.co.uk/visitorbooking,1,BS10 7QB,51.498082,-2.629845,
Puckrup Hall Hotel & Golf Club,brs,https://visitors.brsgolf.com/puckruphall,1,GL20 6EL,52.027808,-2.169427,
Ross-on-Wye Golf Club (Ross-on-Wye),intelligent_golf,https://rossonwye.intelligentgolf.co.uk/visitorbooking,387,HR9 7UT,51.933458,-2.487953,
South Herefordshire Golf Club,intelligent_golf,https://www.south-herefordshiregc.co.uk/visitorbooking,1,HR9 7UA,51.934400,-2.523948,
Woodspring Golf & Country Club (18 Hole),intelligent_golf,https://woodspring.intelligentgolf.co.uk/visitorbooking,5,BS41 9LR,51.416957,-2.649821,
Woodspring Golf & Country Club (9 Hole),intelligent_golf,https://woodspring.intelligentgolf.co.uk/visitorbooking,6,BS41 9LR,51.416957,-2.649821,
Woodspring Golf & Country Club (9 Holes Course 2),intelligent_golf,https://woodspring.intelligentgolf.co.uk/visitorbooking,2,BS41 9LR,51.416957,-2.649821,
Stoneleigh Deer Park Golf Club (Tantara Main),brs,https://visitors.brsgolf.com/stoneleighdeer,1,CV8 3DR,52.346756,-1.504677,
Stoneleigh Deer Park Golf Club (Par 3 Course),brs,https://visitors.brsgolf.com/stoneleighdeer,3,CV8 3DR,52.346756,-1.504677,
Stoneleigh Deer Park Golf Club (Back 9),brs,https://visitors.brsgolf.com/stoneleighdeer,5,CV8 3DR,52.346756,-1.504677,
Kenilworth Golf Club,intelligent_golf,https://www.kenilworthgolfclub.co.uk/visitorbooking,412,CV8 2EA,52.352552,-1.546805,
Lea Marston Golf Course,brs,https://visitors.brsgolf.com/leamarston,1,B76 0BY,52.545026,-1.708794,
Welford-on-Avon Golf Course,intelligent_golf,https://welford.intelligentgolf.co.uk/visitorbooking,1,CV37 8EG,52.156402,-1.780254,
Whitefields,clubv1,https://whitefields.hub.clubv1.com,10518,CV23 9LF,52.334827,-1.330990,
Little Aston Golf Club,intelligent_golf,https://littleaston.intelligentgolf.co.uk/visitorbooking,403,B74 3UP,52.598487,-1.878445,
Walsall Golf Club,clubv1,https://walsallgc.hub.clubv1.com,17079,WS1 3EY,52.566950,-1.959910,
Lickey Hills Golf Course (18 Holes),gladstone,https://mytimeactive.gladstonego.cloud,LHG/LHG18H,B45 8RR,52.383456,-2.014853,false
Great Barr Golf Club,clubv1,https://greatbarrgc.hub.clubv1.com,5341,B43 7BA,52.565506,-1.933767,
Calderfields Golf and Country Club,brs,https://visitors.brsgolf.com/calderfields,1,WS4 2JS,52.587109,-1.951085,
Dudley Golf Club,intelligent_golf,https://www.dudleygolfclub.com/visitorbooking,1,B65 9DP,52.497109,-2.053788,
Nailcote Hall,brs,https://visitors.brsgolf.com/nailcotehall,1,CV7 7DE,52.393330,-1.612052,
Copt Heath Golf Club (Copt Heath),intelligent_golf,https://www.coptheathgolf.co.uk/visitorbooking,779,B93 9LN,52.396072,-1.749190,
Wergs Golf Club (1st Tee),brs,https://visitors.brsgolf.com/wergs,1,WV6 8UA,52.609938,-2.181731,
The South Staffordshire Golf Club,brs,https://visitors.brsgolf.com/southstaffordshire,1,WV6 9BQ,52.607306,-2.169397,
The Old Nene Golf & Country Club,brs,https://visitors.brsgolf.com/oldnene,1,PE26 2XQ,52.468629,-0.105044,
Ufford Park Golf Course (1st Tee),brs,https://visitors.brsgolf.com/uffordpark,1,IP12 1QW,52.115595,1.345616,
Newton Green Golf Course (1st Tee),brs,https://visitors.brsgolf.com/newtongreen,1,CO10 0QN,52.032331,0.788269,
Bungay & Waveney Valley Golf Club,brs,https://visitors.brsgolf.com/bungaywaveney,1,NR35 1DS,52.461800,1.422994,
Swaffham Golf Club,brs,https://visitors.brsgolf.com/swaffham,1,PE37 8AE,52.630888,0.664862,
Barnham Broom,clubv1,https://barnham.hub.clubv1.com,12649,NR9 5DE,52.634535,1.094440,
Hamptworth Golf & Country Club,intelligent_golf,https://hamptworth.intelligentgolf.co.uk/visitorbooking,1,SP5 2DU,50.981598,-1.663469,
Burnham & Berrow Golf Club (Championship),intelligent_golf,https://burnham.intelligentgolf.co.uk/visitorbooking,781,TA8 2LX,51.263146,-3.010097,
Burnham & Berrow Golf Club (Channel - 18 hole),intelligent_golf,https://burnham.intelligentgolf.co.uk/visitorbooking,986,TA8 2LX,51.263146,-3.010097,
Hatchford Brook Golf Course (18 Holes),gladstone,https://mytimeactive.gladstonego.cloud,HBG/HBG18H,B26 3SS,52.456996,-1.760696,false
Scraptoft Golf Club,clubv1,https://scraptoft.hub.clubv1.com,14789,LE7 9SJ,52.651493,-1.041573,
Glen Gorse Golf Club,intelligent_golf,https://www.glengorsegolfclub.co.uk/visitorbooking,1,LE2 4RF,52.581409,-1.068650,
Longcliffe Golf Club,clubv1,https://longcliffe.hub.clubv1.com,12153,LE11 3YA,52.752038,-1.267332,
Charnwood Forest Golf Course,intelligent_golf,https://www.charnwoodforestgolfclub.com/visitorbooking,795,LE12 8TA,52.731818,-1.228695,
Melton Mowbray Golf Club,intelligent_golf,https://www.meltonmowbraygolfclub.com/visitorbooking,1,LE14 4SD,52.785365,-0.838405,
Beedles Lake Golf Course (1st Tee Main Course),brs,https://visitors.brsgolf.com/beedleslake,1,LE7 3WQ,52.716061,-1.064447,
Beedles Lake Golf Course (Little Owl),brs,https://visitors.brsgolf.com/beedleslake,3,LE7 3WQ,52.716061,-1.064447,
Greetham Valley Golf Course (Lakes),intelligent_golf,https://golf.greethamvalley.co.uk/visitorbooking,1,LE15 7SN,52.712060,-0.606784,
Greetham Valley Golf Course (Valley),intelligent_golf,https://golf.greethamvalley.co.uk/visitorbooking,2,LE15 7SN,52.712060,-0.606784,
Greetham Valley Golf Course (Academy),intelligent_golf,https://golf.greethamvalley.co.uk/visitorbooking,4,LE15 7SN,52.712060,-0.606784,
Wollaton Park Golf Club (1st Tee),brs,https://visitors.brsgolf.com/wollatonpark,1,NG8 1BT,52.949950,-1.201717,
Nottingham City Golf Club (1st Tee),brs,https://visitors.brsgolf.com/bulwellhall,1,NG6 8LF,53.012510,-1.204415,
Bulwell Forest Golf Club,intelligent_golf,https://www.bulwellforestgolfclub.co.uk/visitorbooking,11,NG6 9LQ,53.005844,-1.184310,
Ramsdale Golf Centre,esp,https://www.e-s-p.com/elitelive,1389,NG14 6NU,53.037567,-1.111657,
Oakmere Park Golf Club,clubv1,https://oakmerepark.hub.clubv1.com,21310,NG25 0RH,53.070790,-1.086164,
Springwater Golf Club,brs,https://visitors.brsgolf.com/springwater,1,NG14 6FZ,53.031144,-1.062610,
Southwell Golf Club,brs,https://visitors.brsgolf.com/southwell,1,NG25 0TS,53.069464,-0.905695,
Hollinwell,intelligent_golf,https://nottsgolfclub.intelligentgolf.co.uk/visitorbooking,1,NG17 7QR,53.086121,-1.214899,
Worksop Golf Club,clubv1,https://worksop.hub.clubv1.com,18695,S80 2SQ,53.291312,-1.097304,
Sherwood Forest Golf Club,intelligent_golf,https://sherwoodforest.intelligentgolf.co.uk/visitorbooking,1502,NG18 3EW,53.148695,-1.128203,
Retford Golf Club,clubv1,https://retfordgc.hub.clubv1.com,15350,DN22 7UA,53.311330,-0.963237,
Mapperley Golf Course (1st Tee),brs,https://visitors.brsgolf.com/mapperley,1,NG3 5LD,52.987456,-1.106092,
Mickleover Golf Course,intelligent_golf,https://mickleover.intelligentgolf.co.uk/visitorbooking,1,DE3 9AD,52.902703,-1.526576,
Morley Hayes,esp,https://www.e-s-p.com/elitelive,3053,DE7 6QA,52.975645,-1.403846,
Sickleholme Golf Club,clubv1,https://sickleholme.hub.clubv1.com,10231,S33 0BN,53.339644,-1.680316,
Bakewell Golf Club,brs,https://visitors.brsgolf.com/bakewell,1,DE45 1GB,53.216049,-1.661877,
Bondhay Golf Club and Academy (1st Tee),brs,https://visitors.brsgolf.com/bondhay,1,S80 3EH,53.299968,-1.229843,
Chesterfield Golf Club,clubv1,https://chesterfield.hub.clubv1.com,12672,S42 7LA,53.217506,-1.450352,
Hallowes Golf Club,intelligent_golf,https://www.hallowesgolfclub.co.uk/visitorbooking,116,S18 1UR,53.288326,-1.466315,
Trent Lock Golf Centre (Riverside),brs,https://visitors.brsgolf.com/trentlock,1,NG10 3AA,52.877915,-1.283044,
Trent Lock Golf Centre (Canal Side 9 hole),brs,https://visitors.brsgolf.com/trentlock,3,NG10 3AA,52.877915,-1.283044,
Whittington Heath Golf Club,intelligent_golf,https://whittingtonheath.intelligentgolf.co.uk/visitorbooking,260,WS14 9GX,52.665378,-1.779601,
The Mount Golf & Country Club,intelligent_golf,https://pertonpark.intelligentgolf.co.uk/visitorbooking,41,WV6 7HL,52.591931,-2.221582,
JCB Golf & Country Club,intelligent_golf,https://www.jcbgolfandcountryclub.com/visitorbooking,1,ST14 5HY,52.943773,-1.860912,
Penn Common Golf Course,brs,https://visitors.brsgolf.com/penn,1,WV4 5JN,52.548429,-2.151914,
Evesham Golf Course,clubv1,https://evesham.hub.clubv1.com,1624,WR10 2QS,52.120971,-2.004704,
Bromsgrove Golf Centre (Bromsgrove 1st Tee),brs,https://visitors.brsgolf.com/bromsgrove,1,B60 1LD,52.337722,-2.039767,
Wharton Park Golf & Country Club,intelligent_golf,https://www.whartonpark.co.uk/visitorbooking,1,DY12 2QW,52.365569,-2.345858,
The Kidderminster Golf Club,intelligent_golf,https://kidderminster.intelligentgolf.co.uk/visitorbooking,977,DY10 3HL,52.376759,-2.234536,
Oswestry Golf Course,brs,https://visitors.brsgolf.com/oswestry,1,SY11 4JJ,52.834794,-2.991783,
Shifnal Golf Club (1st Tee),brs,https://visitors.brsgolf.com/shifnal,1,TF11 8QL,52.683130,-2.369673,
Market Drayton Golf Club,intelligent_golf,https://www.marketdraytongolfclub.co.uk/visitorbooking,782,TF9 2HX,52.890544,-2.490717,
Shrewsbury Golf Club,intelligent_golf,https://shrewsbury.intelligentgolf.co.uk/visitorbooking,2,SY5 7BL,52.649871,-2.762880,
Woodhall Spa National Golf Centre (Hotchkin),intelligent_golf,https://woodhallspa.intelligentgolf.co.uk/visitorbooking,45,LN10 6PU,53.155190,-0.205758,
Woodhall Spa National Golf Centre (Bracken),intelligent_golf,https://woodhallspa.intelligentgolf.co.uk/visitorbooking,47,LN10 6PU,53.155190,-0.205758,
North Shore Golf Course,brs,https://visitors.brsgolf.com/northshore,1,PE25 1DN,53.160073,0.347006,
Belton Park Golf Club (All Courses),intelligent_golf,https://beltonpark.intelligentgolf.co.uk/visitorbooking,28,NG31 9SH,52.931863,-0.613335,
The Toft Country House Hotel and Golf Club,brs,https://visitors.brsgolf.com/toft,1,PE10 0BS,52.738986,-0.414918,
Boston Golf Club,clubv1,https://boston.hub.clubv1.com,14859,PE22 7EL,53.007506,-0.015798,
Blankney Golf Club,intelligent_golf,https://www.blankneygolfclub.co.uk/visitorbooking,1,LN4 3AZ,53.129113,-0.417909,
Exeter Golf and Country Golf Club,intelligent_golf,https://exeter.intelligentgolf.co.uk/visitorbooking,1105,EX2 7AE,50.700265,-3.482222,
Torquay Golf Club (Torquay Golf Club),intelligent_golf,https://www.torquaygolfclub.co.uk/visitorbooking,1,TQ2 8SB,50.489206,-3.522099,
Tiverton Golf Club,intelligent_golf,https://tiverton.intelligentgolf.co.uk/visitorbooking,475,EX16 4NE,50.913443,-3.434664,
Thurlestone Hotel Golf Course,intelligent_golf,https://thurlestone.intelligentgolf.co.uk/visitorbooking,1,TQ7 3NZ,50.270140,-3.860513,
Elfordleigh Hotel Golf & Country Club,brs,https://visitors.brsgolf.com/elfordleigh,1,PL7 5EB,50.406982,-4.049178,
Royal North Devon,intelligent_golf,https://www.royalnorthdevongolfclub.co.uk/visitorbooking,897,EX39 1HD,51.054383,-4.222441,
Holsworthy Golf Club,brs,https://visitors.brsgolf.com/holsworthy,1,EX22 7HZ,50.813311,-4.392536,
Axe Cliff Golf Course,brs,https://visitors.brsgolf.com/axecliff,1,EX12 4AB,50.706416,-3.049568,
Woodbury Park Hotel & Golf Club (The Oaks),intelligent_golf,https://golf.woodburypark.co.uk/visitorbooking,2,EX5 1JJ,50.690098,-3.369640,
Woodbury Park Hotel & Golf Club (The Acorns),intelligent_golf,https://golf.woodburypark.co.uk/visitorbooking,6,EX5 1JJ,50.690098,-3.369640,
Stover Golf Club,intelligent_golf,https://stover.intelligentgolf.co.uk/visitorbooking,1,TQ12 6QQ,50.556757,-3.653400,
Yelverton Golf Club,clubv1,https://yelverton.hub.clubv1.com,12819,PL20 6BY,50.473767,-4.093856,
Dainton Park Golf Club,intelligent_golf,https://dainton.intelligentgolf.co.uk/visitorbooking,41,TQ12 5TN,50.494519,-3.621976,
Portmore Golf Park (1st Tee),brs,https://visitors.brsgolf.com/portmorebarum29,1,EX32 9LB,51.068262,-4.022214,
Exminster Golf Centre,brs,https://visitors.brsgolf.com/exminster,1,EX6 8GA,50.670301,-3.490792,
Bigbury Golf Club,intelligent_golf,https://www.bigburygolfclub.co.uk/visitorbooking,275,TQ7 4BB,50.290337,-3.870945,
Churston Golf Club,intelligent_golf,https://members.churstongolf.com/visitorbooking,1,TQ5 0LA,50.400562,-3.543078,
Honiton Golf Club,intelligent_golf,https://www.honitongolfclub.co.uk/visitorbooking,4,EX14 9TR,50.785360,-3.171380,
Saunton Golf Course (East),intelligent_golf,https://www.sauntongolf.co.uk/visitorbooking,217,EX33 1LG,51.109110,-4.204618,
Saunton Golf Course (West),intelligent_golf,https://www.sauntongolf.co.uk/visitorbooking,218,EX33 1LG,51.109110,-4.204618,
Staddon Heights Golf Club,brs,https://visitors.brsgolf.com/staddonheights,1,PL9 9SP,50.344212,-4.119618,
Downes Crediton Golf Club (Summer),intelligent_golf,https://www.downescreditongc.co.uk/visitorbooking,2,EX17 3PT,50.779692,-3.635962,
Budock Vean Golf Club,chronogolf,https://www.chronogolf.com/club/19557,27512/139334,TR11 5LG,50.104648,-5.132464,
Lanhydrock Hotel & Golf Club (1st Tee),brs,https://visitors.brsgolf.com/lanhydrockhotel,1,PL30 5AQ,50.447168,-4.718097,
St Enodoc Golf Club (The Church),intelligent_golf,https://stenodoc.intelligentgolf.co.uk/visitorbooking,716,PL27 6SH,50.553291,-4.918042,
St Enodoc Golf Club (The Holywell),intelligent_golf,https://stenodoc.intelligentgolf.co.uk/visitorbooking,2,PL27 6SH,50.553291,-4.918042,
Truro Golf Club (1st Tee),brs,https://visitors.brsgolf.com/truro,1,TR1 3LG,50.266539,-5.085842,
Newquay Golf Course,intelligent_golf,https://www.newquaygolfclub.co.uk/visitorbooking,1,TR7 1LT,50.415753,-5.096190,
Mullion Golf Course,intelligent_golf,https://mullion.intelligentgolf.co.uk/visitorbooking,1,TR12 7BP,50.039027,-5.263208,
Bude & North Cornwall Golf Course,clubv1,https://budeandnorthcornwall.hub.clubv1.com,8354,EX23 8DA,50.832648,-4.542113,
Whitsand Bay Golf Club,brs,https://visitors.brsgolf.com/whitsandbay,1,PL11 3BP,50.362950,-4.301578,
Launceston Golf Club,brs,https://visitors.brsgolf.com/launceston,1,PL15 8HF,50.649016,-4.381702,
Perranporth Golf Club (1st Tee),brs,https://visitors.brsgolf.com/perranporth,1,TR6 0AB,50.350867,-5.144308,
St Austell Golf Course,intelligent_golf,https://staustell.intelligentgolf.co.uk/visitorbooking,3,PL26 7DS,50.323504,-4.808865,
Mawgan Porth Golf Club,brs,https://visitors.brsgolf.com/merlin,1,TR8 4DN,50.469340,-5.011714,
Porthpean Golf Club,brs,https://visitors.brsgolf.com/porthpean,1,PL26 6AY,50.323285,-4.774697,
Tehidy Park Golf Club (Tehidy Park),intelligent_golf,https://tehidy.intelligentgolf.co.uk/visitorbooking,1,TR14 0HH,50.245376,-5.291636,
Bowood Park Golf Course,brs,https://visitors.brsgolf.com/bowoodpark,1,PL32 9RG,50.607868,-4.699320,
Cape Cornwall Club (1st Tee),brs,https://visitors.brsgolf.com/capecornwallclub,1,TR19 7NL,50.127121,-5.698669,
Radcliffe-on-Trent Golf Club,intelligent_golf,https://radcliffe.intelligentgolf.co.uk/visitorbooking,1,NG12 2JH,52.941789,-1.019236,
Alfreton Golf Club,clubv1,https://alfreton.hub.clubv1.com,12589,DE55 7AP,53.092696,-1.411957,
Teignmouth Golf Course,intelligent_golf,https://Teignmouth.intelligentgolf.co.uk/visitorbooking,149,TQ14 9NY,50.570693,-3.529181,
Tavistock Golf Club,intelligent_golf,https://www.tavistockgolfclub.co.uk/visitorbooking,816,PL19 9DZ,50.543397,-4.117218,
Illfracombe Golf Club,brs,https://visitors.brsgolf.com/ilfracombe,1,EX34 9RT,51.210611,-4.087103,
Dartmouth Golf And Country Club (Championship),intelligent_golf,https://dartmouth.intelligentgolf.co.uk/visitorbooking,44,TQ9 7FE,50.363312,-3.662213,
Dartmouth Golf And Country Club (Dartmouth),intelligent_golf,https://dartmouth.intelligentgolf.co.uk/visitorbooking,46,TQ9 7FE,50.363312,-3.662213,
St. Mellion International Resort (Nicklaus Signature Course),chronogolf,https://www.chronogolf.com/club/18605,22222/99718,PL12 6SD,50.468372,-4.282696,
St. Mellion International Resort (Kernow Course),chronogolf,https://www.chronogolf.com/club/18605,22223/99718,PL12 6SD,50.468372,-4.282696,
Point at Polzeath Golf Course,intelligent_golf,https://thepoint.intelligentgolf.co.uk/visitorbooking,1,PL27 6QT,50.565572,-4.901753,
Ormskirk Golf Club,intelligent_golf,https://www.ormskirkgolfclub.com/visitorbooking,2,L40 5UJ,53.572802,-2.841527,
Rishton Golf Club,brs,https://visitors.brsgolf.com/rishton,1,BB1 4EE,53.759232,-2.413613,
Royal Lytham & St Annes Golf Course,brs,https://visitors.brsgolf.com/royallytham,1,FY8 1PB,53.746088,-3.006303,
Morecambe Golf Course,intelligent_golf,https://www.morecambegolfclub.com/visitorbooking,1,LA4 6AJ,54.082759,-2.828521,
Chorley Golf Club,intelligent_golf,https://www.chorleygolfclub.co.uk/visitorbooking,126,PR6 9HX,53.631958,-2.601707,
Mossock Hall Golf Club,brs,https://visitors.brsgolf.com/mossockhall,1,L39 6TA,53.524683,-2.893259,
Southport Golf Academy,brs,https://visitors.brsgolf.com/southportacademy,1,PR4 6JX,53.657091,-2.893067,
Accrington and District Golf Club,intelligent_golf,https://www.accringtongolfclub.com/visitorbooking,1,BB5 4LS,53.756580,-2.409962,
Clitheroe Golf Course,intelligent_golf,https://www.clitheroegolfclub.com/visitorbooking,536,BB7 1PP,53.845087,-2.403492,
Penwortham Golf Course (1st Tee),brs,https://visitors.brsgolf.com/penwortham,1,PR1 0AX,53.755261,-2.738914,
Baxenden Golf Course,brs,https://visitors.brsgolf.com/baxendendistrict,1,BB5 2EA,53.739283,-2.335535,
Heysham Golf Club,intelligent_golf,https://www.heyshamgolfclub.co.uk/visitorbooking,1,LA3 3JH,54.029839,-2.900377,
Knott End Golf Course,brs,https://visitors.brsgolf.com/knottend,1,FY6 0AA,53.920746,-2.993032,
Lansil Golf Club,clubv1,https://lansil.hub.clubv1.com,12407,LA1 3UA,54.064622,-2.779196,
Lancaster Golf Club,intelligent_golf,https://www.lancastergc.co.uk/visitorbooking,668,LA2 0AJ,54.012423,-2.821711,
Burnley Golf Club,intelligent_golf,https://www.burnleygolfclub.com/visitorbooking,1,BB11 3RW,53.767682,-2.246222,
Wilpshire Golf Course,brs,https://visitors.brsgolf.com/wilpshire,1,BB1 9LF,53.789056,-2.467478,
Ghyll Golf Club,clubv1,https://ghyll.hub.clubv1.com,12233,BB18 6JQ,53.926338,-2.161485,
Blackburn Golf Club,brs,https://visitors.brsgolf.com/blackburn,1,BB2 7AX,53.759719,-2.502018,
Lytham Green Drive Golf Course,brs,https://visitors.brsgolf.com/lytham,1,FY8 4LE,53.748813,-2.955214,
Rossendale Golf Club,intelligent_golf,https://www.rossendalegolfclub.net/visitorbooking,1,BB4 6LH,53.685490,-2.320181,
Hurlston Hall Golf Club,intelligent_golf,https://hurlston.intelligentgolf.co.uk/visitorbooking,1,L40 8HB,53.590814,-2.911849,
Leyland Golf Club (Leyland),intelligent_golf,https://www.leylandgolfclub.co.uk/visitorbooking,41,PR25 5UD,53.690091,-2.666211,
Pleasington Golf Club,intelligent_golf,https://pleasington.intelligentgolf.co.uk/visitorbooking,962,BB2 5JL,53.730934,-2.554007,
Darwen Golf Club,brs,https://visitors.brsgolf.com/darwen,1,BB3 0LB,53.702734,-2.496129,
Stonyhurst Golf Club,clubv1,https://stonyhurst.hub.clubv1.com,8377,BB7 9QU,53.847215,-2.483376,
Dean Wood Golf Club,intelligent_golf,https://www.deanwoodgolfclub.co.uk/visitorbooking,41,WN8 0QZ,53.548036,-2.716576,
Douglas Valley Golf Course,brs,https://visitors.brsgolf.com/douglasvalley,1,BL6 5HX,53.601387,-2.583283,
Dunscar Golf Club,brs,https://visitors.brsgolf.com/dunscar,1,BL7 9QY,53.623382,-2.450266,
Allerton Manor Golf Club,intelligent_golf,https://allertonmanor.intelligentgolf.co.uk/visitorbooking,197,L18 3JT,53.375080,-2.892765,
Berrington Hall Golf Club,brs,https://visitors.brsgolf.com/berringtonhall,1,WA11 7PY,53.481120,-2.764208,
Blackley Golf Club,intelligent_golf,https://www.blackleygolfclub.com/visitorbooking,944,M9 7HW,53.531356,-2.184787,
Bolton Golf Club,brs,https://visitors.brsgolf.com/bolton,1,BL6 4DR,53.583390,-2.507109,
Breightmet Golf Club,brs,https://visitors.brsgolf.com/breightmet,1,BL2 4HY,53.592068,-2.375128,
Brookdale Golf Club,brs,https://visitors.brsgolf.com/brookdale,1,M35 9YA,53.498059,-2.139080,
Crompton & Royton Golf Club,brs,https://visitors.brsgolf.com/cromptonroyton,1,OL2 6RW,53.572156,-2.115375,
Davyhulme Park Golf Club,intelligent_golf,https://davyhulme.intelligentgolf.co.uk/visitorbooking,1,M41 8SA,53.455253,-2.378811,
Ellesmere Golf Club,brs,https://visitors.brsgolf.com/ellesmere,1,M28 2RH,53.516605,-2.375986,
Grange Park Golf Club,intelligent_golf,https://www.grangeparkgolfclub.co.uk/visitorbooking,41,WA10 3AG,53.445368,-2.772928,
Haydock Park Golf Club,intelligent_golf,https://www.haydockparkgc.co.uk/visitorbooking,1,WA12 0HX,53.464250,-2.607255,
Hesketh Golf Club,intelligent_golf,https://hesketh.intelligentgolf.co.uk/visitorbooking,1,PR9 9QQ,53.665644,-2.983669,
Hindley Hall Golf Club,intelligent_golf,https://www.hindleyhallgolfclub.co.uk/visitorbooking,1,WN2 2SQ,53.549146,-2.581588,
Houghwood Golf Club,intelligent_golf,https://houghwood.intelligentgolf.co.uk/visitorbooking,1,WA11 8RL,53.505645,-2.726402,
Huyton & Prescot Golf Club,clubv1,https://huytonandprescot.hub.clubv1.com,7320,L36 1UA,53.420736,-2.819072,
Prestwich Golf Club,brs,https://visitors.brsgolf.com/prestwich,1,M25 9SB,53.518082,-2.282271,
Stand Golf Club,intelligent_golf,https://www.standgolfclub.co.uk/visitorbooking,1,M45 7NL,53.549467,-2.312461,
Werneth Golf Club,brs,https://visitors.brsgolf.com/werneth,1,OL8 3BB,53.518146,-2.115292,
West Derby Golf Club,brs,https://visitors.brsgolf.com/westderby,1,L12 9HQ,53.430171,-2.887523,
West Lancashire Golf Club (West Lancashire Golf Club 1st Tee),brs,https://visitors.brsgolf.com/westlancashire,1,L23 8SZ,53.504212,-3.055938,
Westhoughton Golf Club,clubv1,https://westhoughton.hub.clubv1.com,10538,BL5 2BR,53.551749,-2.538879,
Widnes Golf Club,brs,https://visitors.brsgolf.com/widnes,1,WA8 7DT,53.373711,-2.744570,
Furness Golf Club,clubv1,https://furness.hub.clubv1.com,10746,LA14 3LN,54.110531,-3.264381,
Penrith Golf Course,brs,https://visitors.brsgolf.com/penrith,1,CA11 8SG,54.680260,-2.751431,
Windermere Golf Club,brs,https://visitors.brsgolf.com/windermere,1,LA23 3NB,54.355502,-2.895709,
Grange Fell Golf Club,brs,https://visitors.brsgolf.com/grangefell,1,LA11 6HB,54.195953,-2.932187,
Kendal Golf Club,brs,https://visitors.brsgolf.com/kendal,1,LA9 4PQ,54.330185,-2.762835,
Silloth on Solway Golf Club,brs,https://visitors.brsgolf.com/sillothonsolway,1,CA7 4BL,54.858823,-3.396766,
Eden Golf Club (Championship 1st Tee),brs,https://visitors.brsgolf.com/eden27,1,CA6 4RA,54.921028,-2.845815,
Eden Golf Club (Hadrian's Course),brs,https://visitors.brsgolf.com/eden27,3,CA6 4RA,54.921028,-2.845815,
Carlisle Golf Club,clubv1,https://carlisle.hub.clubv1.com,10665,CA4 8AG,54.894292,-2.860490,
Alston Moor Golf Course,brs,https://visitors.brsgolf.com/alstonmoor,1,CA9 3DB,54.788702,-2.431725,
Brampton Golf Club,intelligent_golf,https://brampton.intelligentgolf.co.uk/visitorbooking,96,CA8 1HN,54.918713,-2.718597,
Workington Golf Club,clubv1,https://workington.hub.clubv1.com,15486,CA14 4SS,54.627578,-3.525135,
Altrincham Golf Course,intelligent_golf,https://altrincham.intelligentgolf.co.uk/visitorbooking,73,WA15 7LP,53.387164,-2.334117,
Bramall Park Golf Club,intelligent_golf,https://www.bramallparkgolfclub.co.uk/visitorbooking,2,SK7 3LY,53.367604,-2.173535,
Marple Golf Club,brs,https://visitors.brsgolf.com/marple,1,SK6 7EL,53.385389,-2.072009,
Cheadle Golf Club,clubv1,https://cheadle.hub.clubv1.com,17558,SK8 1HU,53.385836,-2.204855,
Houldsworth Golf Course,clubv1,https://houldsworth.hub.clubv1.com,10456,SK5 6BN,53.441495,-2.169778,
Ashton-under-Lyne Golf Club,clubv1,https://ashtonunderlyne.hub.clubv1.com,1434,OL6 9HT,53.507698,-2.064585,
Gathurst Golf Club,clubv1,https://gathurst.hub.clubv1.com,12314,WN6 8EW,53.566960,-2.704334,
Dukinfield Golf Course,brs,https://visitors.brsgolf.com/dukinfield,1,SK16 5GF,53.469593,-2.053096,
Werneth Low Golf Course,brs,https://visitors.brsgolf.com/wernethlowgc,1,SK14 3AF,53.432522,-2.049768,
Heswall Golf Course,intelligent_golf,https://heswall.intelligentgolf.co.uk/visitorbooking,2,CH60 8PB,53.310477,-3.094500,
Leasowe Golf Club,clubv1,https://leasowe.hub.clubv1.com,15633,CH46 3RD,53.420590,-3.101733,
Sherdley Park Golf Course,intelligent_golf,https://sherdleypark.intelligentgolf.co.uk/visitorbooking,1,WA9 5DE,53.434678,-2.731460,
Formby Ladies Golf Club,intelligent_golf,https://formbyladies.intelligentgolf.co.uk/visitorbooking,1122,L37 1YH,53.571115,-3.080153,
Bidston Golf Club,clubv1,https://bidston.hub.clubv1.com,1010,CH44 2HR,53.412758,-3.083576,
Carden Park Golf Club,golf_manager,https://cardenpark.golfmanager.com,,CH3 9DQ,53.074861,-2.803121,
Vicars Cross Golf Club,brs,https://visitors.brsgolf.com/vicarscross,1,CH3 7HN,53.200823,-2.822258,
Aldersey Green Golf Club (Main Course 1st Tee),brs,https://visitors.brsgolf.com/alderseygreen,1,CH3 9EH,53.102607,-2.799993,
Aldersey Green Golf Club (Sim Room),brs,https://visitors.brsgolf.com/alderseygreen,3,CH3 9EH,53.102607,-2.799993,
Crewe Golf Club,clubv1,https://crewe.hub.clubv1.com,5922,CW1 5TB,53.090563,-2.381624,
High Legh Park Golf Course (Championship 18 Hole),intelligent_golf,https://golf.theclubathighleghpark.com/visitorbooking,5,WA16 0WA,53.351960,-2.440780,
High Legh Park Golf Course (The Founders),intelligent_golf,https://golf.theclubathighleghpark.com/visitorbooking,51,WA16 0WA,53.351960,-2.440780,
Congleton Golf Club,brs,https://visitors.brsgolf.com/congletongc,1,CW12 3LZ,53.151071,-2.179549,
Delamere Forest Golf Club (1st Tee),brs,https://visitors.brsgolf.com/delamereforest,1,CW8 2JE,53.228976,-2.650738,
Helsby Golf Club,clubv1,https://helsby.hub.clubv1.com,8359,WA6 0JB,53.257081,-2.773043,
Upton-by-Chester Golf Club,intelligent_golf,https://www.uptongolf.co.uk/visitorbooking,1,CH2 1EE,53.213832,-2.889629,
Knutsford Golf Club,clubv1,https://knutsford.hub.clubv1.com,17187,WA16 6HS,53.313870,-2.377233,
Davenport Golf Club,intelligent_golf,https://davenport.intelligentgolf.co.uk/visitorbooking,1,SK12 1TT,53.351196,-2.095208,
Woodhall Hills Golf Club,brs,https://visitors.brsgolf.com/woodhallhills,1,LS28 5UN,53.819670,-1.699347,
Keighley Golf Course,intelligent_golf,https://www.keighleygolfclub.com/visitorbooking,41,BD20 6DH,53.888814,-1.914827,
Northcliffe Golf Course,intelligent_golf,https://www.northcliffegc.org.uk/visitorbooking,779,BD9 6SQ,53.825168,-1.796045,
Crosland Heath Golf Course,brs,https://visitors.brsgolf.com/croslandheath,1,HD4 7AF,53.624555,-1.836082,
Bingley St Ives Golf Club,clubv1,https://bingley.hub.clubv1.com,13078,BD16 1AT,53.850670,-1.868936,
Huddersfield Golf Club,intelligent_golf,https://www.huddersfield-golf.co.uk/visitorbooking,1,HD2 2EP,53.671194,-1.800301,
Bradford Moor Golf Club,brs,https://visitors.brsgolf.com/bradfordmoor,1,BD2 4RW,53.802542,-1.728002,
South Bradford Golf Course,clubv1,https://southbradford.hub.clubv1.com,12140,BD6 1BJ,53.759065,-1.751723,
Queensbury Golf Club,clubv1,https://queensbury.hub.clubv1.com,10444,BD13 1QF,53.762816,-1.833405,
Lightcliffe Golf Club,brs,https://visitors.brsgolf.com/lightcliffe,1,HX3 8SW,53.729024,-1.795569,
Ryburn Golf Club,clubv1,https://ryburn.hub.clubv1.com,15628,HX6 3QP,53.698875,-1.907035,
Sand Moor Golf Course,brs,https://visitors.brsgolf.com/sandmoor,1,LS17 7DJ,53.865338,-1.542214,
Branshaw Golf Course,brs,https://visitors.brsgolf.com/branshaw,1,BD22 7ES,53.852987,-1.945570,
Woodsome Hall Golf Club,intelligent_golf,https://www.woodsome.co.uk/visitorbooking,1,HD8 0LQ,53.624689,-1.730474,
Alwoodley Golf Club,intelligent_golf,https://alwoodley.intelligentgolf.co.uk/visitorbooking,1,LS17 8SA,53.864015,-1.512075,
Moor Allerton Golf Course (18 Hole Course),brs,https://visitors.brsgolf.com/moorallerton,1,LS17 9NH,53.871954,-1.476242,
Halifax Golf Club,brs,https://visitors.brsgolf.com/halifax,1,HX2 8XR,53.769450,-1.912107,
Crow Nest Park Golf Club,brs,https://visitors.brsgolf.com/crownestpark,1,HD6 2LN,53.720873,-1.796353,
Shay Grange Golf Course,brs,https://visitors.brsgolf.com/expressgcbradford,1,BD9 6BR,53.820274,-1.800957,
Marsden Golf Club,brs,https://visitors.brsgolf.com/marsden,1,HD7 6NN,53.590474,-1.938315,
Bradford Golf Course (1st Tee),brs,https://visitors.brsgolf.com/bradford,1,LS20 8NP,53.867665,-1.740187,
Shipley Golf Club,clubv1,https://shipley.hub.clubv1.com,7853,BD16 1LX,53.840406,-1.842469,
Pontefract and District Golf Club,brs,https://visitors.brsgolf.com/pontefract,1,WF8 4QS,53.695942,-1.342712,
Ilkley Golf Club,brs,https://visitors.brsgolf.com/ilkley,1,LS29 0BE,53.934499,-1.848651,
Scarcroft Golf Course (1st Tee),brs,https://visitors.brsgolf.com/scarcroft,1,LS14 3BL,53.871829,-1.457387,
Town Moor Golf Course (1st Tee),brs,https://visitors.brsgolf.com/doncastertownmoor,1,DN4 5HU,53.520380,-1.096230,
Lees Hall Golf Club,clubv1,https://leeshall.hub.clubv1.com,10278,S8 8LL,53.344762,-1.456408,
Owston Hall Golf Course,brs,https://visitors.brsgolf.com/owstonhall,1,DN5 0LP,53.592937,-1.178814,
Wortley Golf Course,intelligent_golf,https://www.wortleygolfclub.co.uk/visitorbooking,1,S35 7DF,53.497802,-1.523886,
Wath Golf Club (1st Tee),brs,https://visitors.brsgolf.com/wath,1,S62 7SJ,53.484605,-1.350515,
Lindrick Golf Club,intelligent_golf,https://lindrick.intelligentgolf.co.uk/visitorbooking,1,S81 8BH,53.337173,-1.177635,
Abbeydale Golf Club,intelligent_golf,https://www.abbeydalegolfclub.co.uk/visitorbooking,201,S17 4RH,53.325568,-1.504129,
Hillsborough Golf Club,intelligent_golf,https://www.hillsboroughgolfclub.co.uk/visitorbooking,1,S6 4BE,53.417190,-1.536817,
Brough Golf Club,brs,https://visitors.brsgolf.com/brough,1,HU15 1HB,53.736573,-0.577513,
Cottingham Parks Golf and Leisure Club (Cottingham Parks),intelligent_golf,https://www.cottinghamparks.co.uk/visitorbooking,1,HU16 5SW,53.794674,-0.437068,
Cottingham Parks Golf and Leisure Club (Skidby Lakes),intelligent_golf,https://www.cottinghamparks.co.uk/visitorbooking,2,HU16 5SW,53.794674,-0.437068,
Ganstead Park Golf & Events,brs,https://visitors.brsgolf.com/gansteadpark,1,HU11 4LB,53.792606,-0.249865,
Driffield Golf Course,clubv1,https://533.hub.clubv1.com,8290,YO25 9AD,53.988656,-0.454115,
Oakdale Golf Club,intelligent_golf,https://oakdale.intelligentgolf.co.uk/visitorbooking,1123,HG1 2LN,53.997048,-1.564769,
Romanby Golf Club,brs,https://visitors.brsgolf.com/romanby,1,DL7 0PE,54.339149,-1.464594,
Kirkbymoorside Golf,clubv1,https://kirkbymoorside.hub.clubv1.com,11495,YO62 7HS,54.282398,-0.944959,
Pike Hills Golf Club,brs,https://visitors.brsgolf.com/pikehills,1,YO23 3UW,53.924321,-1.137086,
Filey Golf Club,brs,https://visitors.brsgolf.com/filey,1,YO14 9BQ,54.194710,-0.290039,
Catterick Golf Club,clubv1,https://catterick.hub.clubv1.com,9358,DL9 3QE,54.369168,-1.733008,
Forest Park Golf Club,clubv1,https://forestpark.hub.clubv1.com,15021,YO32 9WD,53.996921,-1.009655,
Tadcaster Golf Course,golf_manager,https://tadcaster.golfmanager.com,,LS24 9PF,53.831158,-1.253394,
Drax Golf Club,brs,https://visitors.brsgolf.com/drax,1,YO8 8PJ,53.726088,-1.002362,
Ripon City Golf Club,brs,https://visitors.brsgolf.com/riponcity,1,HG4 3HH,54.154625,-1.529262,
Masham Golf Course,brs,https://visitors.brsgolf.com/masham,1,HG4 4NS,54.216644,-1.668879,
Akebar Park Golf Course,brs,https://visitors.brsgolf.com/akebarpark,1,DL8 5LY,54.306932,-1.703934,
York Golf Club,intelligent_golf,https://york.intelligentgolf.co.uk/visitorbooking,1,YO32 5XF,54.036497,-1.017377,
Fulford Golf Club,brs,https://visitors.brsgolf.com/fulford,1,YO19 4RA,53.931774,-1.043052,
Scarborough South Cliff Golf Club (Main Course),brs,https://visitors.brsgolf.com/scarboroughsouthcliff,1,YO11 3AD,54.259282,-0.390447,
Rudding Park Golf Course (Hawtree Championship Course),brs,https://visitors.brsgolf.com/ruddingpark,1,HG3 1JH,53.972374,-1.488409,
Rudding Park Golf Course (6 Hole Short Course),brs,https://visitors.brsgolf.com/ruddingpark,3,HG3 1JH,53.972374,-1.488409,
Whitby Golf Club,clubv1,https://whitby.hub.clubv1.com,15181,YO21 3SR,54.491024,-0.644910,
Bentham Golf Club,brs,https://visitors.brsgolf.com/bentham,1,LA2 7AG,54.127596,-2.499843,
Knaresborough Golf Club,brs,https://visitors.brsgolf.com/knaresborough,1,HG5 0QQ,54.027946,-1.446334,
Seaton Carew Golf Club,brs,https://visitors.brsgolf.com/seatoncarew,1,TS25 1DE,54.647626,-1.177498,
Blyth Golf Club,clubv1,https://blyth.hub.clubv1.com,21291,NE24 4DB,55.114411,-1.541401,
Teesside Golf Club,brs,https://visitors.brsgolf.com/teesside,1,TS17 7JS,54.555489,-1.283087,
Billingham Golf Club,clubv1,https://billingham.hub.clubv1.com,16051,TS22 5NA,54.606979,-1.309793,
Goswick Links Golf Club,intelligent_golf,https://members.goswickgolfclub.com/visitorbooking,1,TD15 2RW,55.707636,-1.920607,
Ingleby Barwick Golf Academy,brs,https://visitors.brsgolf.com/inglebybarwick,1,TS17 5LD,54.532733,-1.328793,
Middlesbrough Golf Club,brs,https://visitors.brsgolf.com/middlesbrough,1,TS8 9EE,54.513823,-1.192259,
Arcot Hall Golf Club,brs,https://visitors.brsgolf.com/arcothall,1,NE23 7QP,55.074028,-1.614739,
Ponteland Golf Club,clubv1,https://theponteland.hub.clubv1.com,2813,NE20 9BD,55.052564,-1.728868,
Newbiggin by the Sea Golf Club,brs,https://visitors.brsgolf.com/newbiggin,1,NE64 6DW,55.195637,-1.513054,
Hunley Golf Club (18 Hole),intelligent_golf,https://hunley.intelligentgolf.co.uk/visitorbooking,5,TS12 2QX,54.576302,-0.921538,
Hunley Golf Club (9 Hole),intelligent_golf,https://hunley.intelligentgolf.co.uk/visitorbooking,6,TS12 2QX,54.576302,-0.921538,
Hexham Golf Club,brs,https://visitors.brsgolf.com/hexham,1,NE46 3RZ,54.978914,-2.120669,
Saltburn Golf Club,intelligent_golf,https://saltburnbysea.intelligentgolf.co.uk/visitorbooking,779,TS12 1PB,54.572558,-0.991440,
Cleveland Golf Club,clubv1,https://cleveland.hub.clubv1.com,7507,TS10 5BJ,54.620626,-1.097278,
Alnwick Castle Golf Club,intelligent_golf,https://www.alnwickcastlegolfclub.co.uk/visitorbooking,1,NE66 2AG,55.400384,-1.716843,
Longhirst Hall Golf Course (Old Course),brs,https://visitors.brsgolf.com/longhirsthall,5,NE61 3LL,55.191297,-1.671066,
Blackwell Grange Golf Course,intelligent_golf,https://blackwellgrange.intelligentgolf.co.uk/visitorbooking,1,DL2 2SA,54.502673,-1.562449,
Stocksfield Golf Club,intelligent_golf,https://www.stocksfieldgolfclub.co.uk/visitorbooking,1,NE43 7RE,54.927366,-1.904771,
Prudhoe Golf Club,brs,https://visitors.brsgolf.com/prudhoe,1,NE42 5DU,54.960284,-1.828058,
Woodham Golf & Country Club,brs,https://visitors.brsgolf.com/woodham,1,DL5 4PN,54.639892,-1.568658,
Hartlepool Golf Club (1st Tee),brs,https://visitors.brsgolf.com/hartlepool,1,TS24 9QF,54.717193,-1.238403,
Chester-le-Street Golf Club,intelligent_golf,https://chesterlestreet.intelligentgolf.co.uk/visitorbooking,221,DH3 4NT,54.855114,-1.557098,
Consett & District Golf Club,brs,https://visitors.brsgolf.com/consettdistrict,1,DH8 5XZ,54.867661,-1.835451,
Durham City Golf Course,brs,https://visitors.brsgolf.com/durhamcity,1,DH7 8HL,54.746905,-1.598533,
Allendale Golf Club,brs,https://visitors.brsgolf.com/allendale,1,NE47 9DH,54.875101,-2.248773,
Castle Eden Golf Club,clubv1,https://castleeden.hub.clubv1.com,7946,TS27 4SS,54.739642,-1.351267,
Alnmouth Golf Club (1st Tee),brs,https://visitors.brsgolf.com/alnmouth,1,NE66 3BE,55.396660,-1.600920,
Cathedral Course (Cathedral),intelligent_golf,https://ramsidehall.intelligentgolf.co.uk/visitorbooking,3,DH1 1TD,54.790286,-1.512801,
Cathedral Course (Prince Bishops'),intelligent_golf,https://ramsidehall.intelligentgolf.co.uk/visitorbooking,1,DH1 1TD,54.790286,-1.512801,
Rothbury Golf Club,brs,https://visitors.brsgolf.com/rothbury,1,NE65 7RX,55.304829,-1.921562,
Heworth Golf Club,brs,https://visitors.brsgolf.com/heworth,1,NE10 8XY,54.941092,-1.525659,
Boldon Golf Club,brs,https://visitors.brsgolf.com/boldon,1,NE36 0PQ,54.937989,-1.446477,
Westerhope Golf Club,brs,https://visitors.brsgolf.com/westerhope,1,NE5 1PP,55.006783,-1.702018,
Backworth Golf Club,brs,https://visitors.brsgolf.com/backworth,1,NE27 0AH,55.039707,-1.530713,
Gosforth Golf Club,brs,https://visitors.brsgolf.com/gosforth,1,NE3 5ER,55.014818,-1.607577,
Northumberland Golf Club,intelligent_golf,https://northumberland.intelligentgolf.co.uk/visitorbooking,1,NE3 5HT,55.031012,-1.610742,
Royal St Georges,,,,CT13 9PB,51.273728,1.366909,
Littlestone,,,,TN28 8RB,50.985392,0.965741,
