club_name,course_type,yardage,all_yardages,source_url,note
Abbey Hill Golf Centre,,6050,6050,https://abbeyhillgc.co.uk/golf-courses/,
Abbey Moor Golf Club,,,,https://www.playgolfgroup.com/abbeymoor/,no yardage found
Abbeydale Golf Club,,6329,6329 5987 5625,https://www.abbeydalegolfclub.co.uk/overview,several yardages — check which tee
Accrington and District Golf Club,,6031,6031 5792 5290,https://www.accringtongolfclub.com/,several yardages — check which tee
Addington Court Golf Club (Academy),,,,https://golf.addingtoncourt-golfclub.co.uk,no yardage found
Addington Court Golf Club (Championship),,,,https://golf.addingtoncourt-golfclub.co.uk,no yardage found
Addington Court Golf Club (Falconwood),,,,https://golf.addingtoncourt-golfclub.co.uk,no yardage found
Addington Palace Golf Club,parkland,6405,6405,https://addingtonpalacegolf.co.uk/the-course/,
Akebar Park Golf Course,parkland,,,https://akebarpark.com/,no yardage found
Aldenham Golf Club (Church),parkland,,,https://www.aldenhamgolfclub.co.uk/,no yardage found
Aldenham Golf Club (Village),parkland,,,https://www.aldenhamgolfclub.co.uk/,no yardage found
Aldersey Green Golf Club (Main Course 1st Tee),parkland,,6183,https://www.alderseygreengolfclub.co.uk/the-course/course-tour/hole-1/,"hand: cleared, the page gave one yardage for all of this club's courses"
Aldersey Green Golf Club (Sim Room),parkland,,6183,https://www.alderseygreengolfclub.co.uk/the-course/course-tour/hole-1/,"hand: cleared, the page gave one yardage for all of this club's courses"
Aldwickbury Park Golf Course,parkland,6368,6368,https://aldwickburyparkgolfclub.co.uk/golf/,
Alfreton Golf Club,parkland,,,https://alfretongolfclub.co.uk/,no yardage found
Allendale Golf Club,,,,https://www.allendale-golf.com/,no yardage found
Allerton Manor Golf Club,,,,https://allertonmanorgolfclub.com/,no yardage found
Alnmouth Golf Club (1st Tee),parkland,6669,6669,https://www.alnmouthgolfclub.com/,
Alnwick Castle Golf Club,parkland,6221,6221 5943 5493 5478,https://www.alnwickcastlegolfclub.co.uk/,several yardages — check which tee
Alston Moor Golf Course,parkland,5456,5456,https://alstonmoorgolfclub.org.uk/,
Alton Golf Club,parkland,5622,5622,https://www.altongolfclub.com/,
Altrincham Golf Course,,,,https://altrinchamgolfcourse.co.uk/,no yardage found
Alwoodley Golf Club,heathland,,,https://alwoodleygolfclub.com/,no yardage found
Andover Golf Club,,6096,6096,https://www.andovergolfclub.co.uk/,
Appleby Golf Club,,,,https://www.applebygolfclub.co.uk/,no yardage found
Arcot Hall Golf Club,parkland,,,https://www.arcothall.co.uk/,no yardage found
Arkley Golf Club,parkland,6030,6030,https://www.arkleygolfclub.co.uk/golf/the-course/,
Ash Valley Golf Club (Little Links),parkland,,6611,https://www.ashvalley.co.uk/,"hand: cleared, the page gave one yardage for all of this club's courses"
Ash Valley Golf Club (Valley Course),parkland,,6611,https://www.ashvalley.co.uk/,"hand: cleared, the page gave one yardage for all of this club's courses"
Ashford Golf Club,parkland,6313,6313 6065 5490,https://www.ashfordgolfclub.co.uk/,several yardages — check which tee
Ashley Wood Golf Club,downland,,,https://www.ashleywoodgolfclub.com/,no yardage found
Ashton-under-Lyne Golf Club,parkland,6200,6200,https://www.ashtongolfclub.co.uk/,
Aspley Guise & Woburn Sands Golf Club,heathland,5944,5944,https://www.aspleyguisegolfclub.co.uk/,types seen: heathland/parkland
Avington Park Golf Course,parkland,,,https://www.avingtongolf.co.uk/,no yardage found
Axe Cliff Golf Course,,5913,5913,https://www.axecliffgolfclub.com/,
Aylesbury Vale Golf Club (18 Holes),,6593,6593,https://www.avgc.co.uk/,
Backworth Golf Club,,,,https://backworthgolf.com/,no yardage found
Bakewell Golf Club,,,,https://www.bakewellgolfclub.co.uk/,no yardage found
Bamburgh Castle Golf Club,moorland,,,https://www.bamburghcastlegolfclub.co.uk/,types seen: moorland/parkland/links; no yardage found
Banstead Downs Golf Club,downland,6600,6600,https://www.bansteaddowns.co.uk/,
Barnham Broom,,6689,6689 6454,https://barnham-broom.co.uk/golf/,several yardages — check which tee
Barrow Golf Club,,6200,6200,https://www.barrowgolfclub.co.uk/2022/07/28/golf-course/,
Basingstoke Golf Club,downland,,,https://www.basingstokegolfclub.co.uk/,no yardage found
Basset Down Golf Course (Basset Down GC),,,,https://www.basset-down.com,no yardage found
Batchworth Park Golf Club,parkland,6723,6723,https://batchworthparkgolf.co.uk/,
Bath Golf Club (Bath GC),downland,6464,6464,https://www.bathgolfclub.org.uk/course_tour,
Bawburgh Golf Course,heathland,6722,6722,https://bawburgh.com/golf-courses/#bookatee,types seen: heathland/parkland
Baxenden Golf Course,moorland,5734,5734 5711,https://baxendengolf.co.uk/,several yardages — check which tee
Beaconsfield Golf Club,parkland,,,https://www.beaconsfieldgolfclub.co.uk/,no yardage found
Bedford and County Golf Club,parkland,6327,6327,https://www.bandcgc.co.uk/,
Beedles Lake Golf Course (1st Tee Main Course),parkland,,,https://www.beedleslake.co.uk/,no yardage found
Beedles Lake Golf Course (Little Owl),parkland,,,https://www.beedleslake.co.uk/,no yardage found
Belhus Park Golf Club,parkland,,,https://www.impulseleisure.co.uk/golf,no yardage found
Belton Park Golf Club (All Courses),parkland,6490,6490 6278 6028,https://www.beltonpark.co.uk/,several yardages — check which tee
Bentham Golf Club,,,,https://www.benthamgolfclub.co.uk/contact-us/,no yardage found
Berkhamsted Golf Club,heathland,6605,6605,https://www.berkhamstedgolfclub.co.uk/,types seen: heathland/links
Berrington Hall Golf Club,heathland,6848,6848,https://berringtonhallgolfclub.co.uk/,types seen: heathland/parkland
Bexleyheath Golf Club,,,,https://bexleyheath-golf.com/,no yardage found
Bicester Golf Hotel & Spa,parkland,,,https://www.bicesterhotelgolfandspa.com/leisure/golf/,no yardage found
Bidston Golf Club,parkland,6153,6153,https://www.bidstongolfclub.com/,
Bigbury Golf Club,,,,https://www.bigburygolfclub.co.uk,no yardage found
Billingbear Park Golf Course,,,,https://www.billingbearpark.com/,no yardage found
Billingham Golf Club,parkland,,,https://www.billinghamgolfclub.com/,no yardage found
Bingley St Ives Golf Club,moorland,,,https://bingleystivesgc.com/,types seen: moorland/parkland/heathland/woodland; no yardage found
Birchwood Park,parkland,,,https://birchwoodparkgc.co.uk/golf/,no yardage found
Bird Hills Golf Centre,,,,https://www.birdhills.co.uk/,no yardage found
Bishop Auckland Golf Club,parkland,,,https://bishopaucklandgolfclub.co.uk/,no yardage found
Bishopswood Golf Course,parkland,6350,6350 6070 5528,https://www.bishopswood.golf/the_course,several yardages — check which tee
Blackburn Golf Club,parkland,6144,6144 5364,https://www.blackburngolfclub.com/,types seen: parkland/links; several yardages — check which tee
Blackley Golf Club,,6168,6168 5889 5785 5715 5256,https://www.blackleygolfclub.com/course_overview,several yardages — check which tee
Blackwater Valley Golf Centre,,,,https://www.bvgolfcentre.com,no yardage found
Blackwell Grange Golf Course,parkland,,,https://www.blackwellgrangegolf.com/,no yardage found
Blakes Golf Course,,,,https://www.blakesgolfclub.com/top-golf-courses-in-essex/,"hand: Epping Forest, inland — not links"
Blankney Golf Club,parkland,6309,6309 5466,https://www.blankneygolfclub.co.uk/,several yardages — check which tee
Blyth Golf Club,parkland,5940,5940 5700 5571 5016 4523,https://www.blythgolf.co.uk/,several yardages — check which tee
Bognor Regis Golf Club,,6103,6103 6100 5764 5744 5523,https://www.bognorgolfclub.co.uk/Page/CustomPage?pageId=15639,several yardages — check which tee
Boldon Golf Club,,6414,6414 6094 5581,https://boldongolfclub.co.uk/course,several yardages — check which tee
Bolton Golf Club,,6174,6174,https://www.boltongolfclub.co.uk/course/course-overview/,
Bondhay Golf Club and Academy (1st Tee),parkland,7000,7000,https://bondhaygolfclub.com/,
Boston Golf Club,parkland,6415,6415 6060 5579,https://www.bostongc.co.uk/,several yardages — check which tee
Boundary Lakes Golf Club,parkland,,,https://www.ageasbowl.com/golf/,no yardage found
Bowood Park Golf Course,parkland,6692,6692,https://www.bowoodpark.com/,
Bracken Ghyll Golf Club,,,,https://www.brackenghyll.co.uk,no yardage found
Bradford Golf Course (1st Tee),heathland,,,https://bradfordgolfclub.co.uk/,types seen: heathland/moorland; no yardage found
Bradford Moor Golf Club,,,4182,https://www.bradfordmoorgolfclub.co.uk/about,"hand: cleared, figure too short to be this course's 18-hole length"
Braintree Golf Club,parkland,,,https://www.braintreegolfclub.co.uk/,no yardage found
Bramall Park Golf Club,parkland,6184,6184 5532,https://www.bramallparkgolfclub.co.uk/,several yardages — check which tee
Bramley Golf Club,,5891,5891 5546 5298 4406,https://www.bramleygolfclub.co.uk/course,several yardages — check which tee
Brampton Golf Club,heathland,6418,6418,https://www.bramptongolfclub.com/,types seen: heathland/moorland
Bramshaw Golf Course (Forest Course),,,,https://www.bramshaw.co.uk,no yardage found
Bramshaw Golf Course (Manor Course),,,,https://www.bramshaw.co.uk,no yardage found
Branshaw Golf Course,moorland,,,https://branshawgolfclub.co.uk/course/,no yardage found
Breightmet Golf Club,links,6400,6400 6000 5300,https://www.breightmetgolfclub.co.uk/,several yardages — check which tee
Brentwood Golf Centre at Hartswood,,6532,6532,https://www.brentwoodgolfclub.co.uk/course/scorecard/,
Brickhampton Court Golf Complex (Glevum Course),,6403,6403,https://www.brickhampton.co.uk/golf,
Bridlington Golf Club,,,,https://www.bridlingtongolfclub.co.uk/,no yardage found
Brighton & Hove Golf Club,downland,5057,5057 4838,https://www.brightongolf.co.uk/,types seen: downland/links; several yardages — check which tee
Bristol & Clifton Golf Club (Bristol & Clifton 2025),parkland,6413,6413,https://www.bristolandcliftongolfclub.co.uk/,
Bristol Golf Club (Championship),,,,https://golf.bristolgolfclub.co.uk,no yardage found
Bristol Golf Club (Par 3),,,,https://golf.bristolgolfclub.co.uk,no yardage found
Broadstone Golf Club,heathland,,,https://www.broadstonegolfclub.com/,no yardage found
Brocket Hall (Melbourne 2026),,,,https://www.brocket-hall.co.uk/golf/,no yardage found
Brocket Hall (Palmerston 2026),,,,https://www.brocket-hall.co.uk/golf/,no yardage found
Bromley Golf Centre (18 Holes),,,,https://www.bromleygolfclub.co.uk/,no yardage found
Bromley Golf Centre (9 Holes),,,,https://www.bromleygolfclub.co.uk/,no yardage found
Bromsgrove Golf Centre (Bromsgrove 1st Tee),,,,https://bromsgrovegolfcentre.com/,no yardage found
Brookdale Golf Club,parkland,,,https://www.brookdalegolf.co.uk/,no yardage found
Broome Park Golf Club,,,,https://www.broomepark.co.uk/,no yardage found
Brough Golf Club,parkland,6048,6048 5867 5859 5450,https://www.brough-golfclub.co.uk/,several yardages — check which tee
Bude & North Cornwall Golf Course,links,,,https://www.budegolf.co.uk/,no yardage found
Budock Vean Golf Club,parkland,,,https://www.budockvean.co.uk/,types seen: parkland/woodland; no yardage found
Bulbury Woods Golf Club,,6001,6001,https://www.bulbury-woods.co.uk/golf/our-course,
Bulwell Forest Golf Club,parkland,5590,5590 5322 5310 4880 4871,https://www.bulwellforestgolfclub.co.uk/course,several yardages — check which tee
Bungay & Waveney Valley Golf Club,heathland,,,https://www.club-noticeboard.co.uk/bungay/,no yardage found
Burford Golf Club,,6363,6363,https://www.burfordgolfclub.co.uk/golf/course-overview/,
Burhill Golf Club,parkland,,,https://burhillgolf-club.co.uk/,no yardage found
Burley Golf Club,heathland,6151,6151 5406,https://www.burleygolfclub.co.uk/,several yardages — check which tee
Burnham & Berrow Golf Club (Championship),links,,,https://www.burnhamandberrowgolfclub.co.uk/,no yardage found
Burnham & Berrow Golf Club (Channel - 18 hole),links,,,https://www.burnhamandberrowgolfclub.co.uk/,no yardage found
Burnley Golf Club,moorland,5635,5635 5112,https://www.burnleygolfclub.com/course_history_and_overview,several yardages — check which tee
Bury St Edmunds Golf Club - Championship Course (18 Hole Course 1st Tee),,,6676 6087,https://www.burystedmundsgolfclub.co.uk/,"hand: cleared, 'links' is this club's separate 9-hole course"
Bury St Edmunds Golf Club - Championship Course (Greene King 9 Hole Course),,,6676 6087,https://www.burystedmundsgolfclub.co.uk/,"hand: cleared, 'links' is this club's separate 9-hole course"
Cainhoe Wood Golf Club (Manor),,,,https://www.cainhoewoodgolf.co.uk,no yardage found
Calcot Park Golf Club,parkland,6300,6300,https://www.calcotpark.com/,
Caldecott Hall (Main Course),,,,https://caldecotthall.co.uk/,no yardage found
Calderfields Golf and Country Club,parkland,,,https://calderfieldsgolfclub.co.uk/,types seen: parkland/links; no yardage found
Came Down Golf Club (1st Tee),downland,,,https://www.camedowngolfclub.co.uk/,no yardage found
Cams Hall Estate Golf Course (Creek Back 9 & Park),,,,https://golf.camshallgolf.co.uk,no yardage found
Cams Hall Estate Golf Course (Creek Front 9),,,,https://golf.camshallgolf.co.uk,no yardage found
Cams Hall Estate Golf Course (Creek),,,,https://golf.camshallgolf.co.uk,no yardage found
Cams Hall Estate Golf Course (Park & Creek Front 9),,,,https://golf.camshallgolf.co.uk,no yardage found
Cams Hall Estate Golf Course (Park Course 9 Holes),,,,https://golf.camshallgolf.co.uk,no yardage found
Canons Brook Golf Course,,6706,6706,https://www.canonsbrook.com/the-course-3/,
Canterbury,parkland,6272,6272,https://www.canterburygolfclub.co.uk/,types seen: parkland/heathland
Cape Cornwall Club (1st Tee),,5672,5672 4105,https://capecornwallclub.com/golf/,several yardages — check which tee
Carden Park Golf Club,,,,https://www.cardenpark.co.uk/golf/,no yardage found
Carlisle Golf Club,parkland,,,https://www.carlislegolfclub.org/,no yardage found
Castle Eden Golf Club,parkland,6251,6251 5971 5697 5447,https://www.castleedengolfclub.co.uk/,several yardages — check which tee
Castle Point Golf Course,parkland,,,https://www.loyalteegolf.co.uk:443/castle-point-golf-course/,no yardage found
Cathedral Course (Cathedral),parkland,,,https://chichestergolf.com/the-cathedral-course/,no yardage found
Cathedral Course (Prince Bishops'),parkland,,,https://chichestergolf.com/the-cathedral-course/,no yardage found
Catterick Golf Club,,6266,6266 6003 5451 5346,https://www.catterickgolfclub.co.uk/,several yardages — check which tee
Charnwood Forest Golf Course,heathland,6125,6125 6120 5435,https://www.charnwoodforestgolfclub.com/,several yardages — check which tee
Chart Hills,,,,https://www.charthills.co.uk/,no yardage found
Chartham Park,heathland,,,https://golf.charthampark.com/,types seen: heathland/parkland; no yardage found
Cheadle Golf Club,,4993,4993,https://cheadlegolf.com/play/course-guide/,
Chelsfield Lakes Golf Club,,6112,6112,https://chelsfieldlakes.co.uk/golf-course-overview/,
Cherry Lodge Golf Club,,6395,6395 6372,https://cherrylodgegc.co.uk/about-us/,several yardages — check which tee
Chesfield Downs Golf Club (Chesfield Downs),,,,https://golf.chesfielddownsgolf.co.uk,no yardage found
Chesfield Downs Golf Club (Par 3),,,,https://golf.chesfielddownsgolf.co.uk,no yardage found
Chester-le-Street Golf Club,parkland,6486,6486,https://www.clsgolfclub.co.uk/,
Chesterfield Golf Club,parkland,6281,6281,https://www.chesterfieldgolfclub.co.uk/,
Chestfield Golf Club,downland,,,https://www.chestfield-golfclub.co.uk/,no yardage found
Chichester Golf Club,parkland,,,https://chichestergolf.com/the-cathedral-course/,no yardage found
Chigwell Golf Club,parkland,6309,6309,https://www.chigwellgolfclub.co.uk/,
Chiltern Forest Golf Course,parkland,5687,5687,https://chilternforest.co.uk/,
Chipstead Golf Club,,,,https://www.chipsteadgolf.co.uk/,no yardage found
Chobham Golf Club,parkland,5820,5820,https://www.chobhamgolfclub.co.uk/,
Chorley Golf Club,moorland,6284,6284,https://www.chorleygolfclub.co.uk/,
Christchurch Golf Club - Stour Course,,,,https://www.christchurchgolf.club,no yardage found
Churston Golf Club,,,,https://members.churstongolf.com,no yardage found
Cinque Ports,links,,,https://members.royalcinqueports.com/,no yardage found
Cirencester Golf Club,,6251,6251,https://www.cirencestergolfclub.co.uk/the-course/course-tour/hole-1/,
Clandon Golf,,,,https://www.clandongolf.co.uk/,no yardage found
Clandon Regis Golf Club,,6464,6464 5925 5575,https://www.clandonregisgolfclub.com/the-course,several yardages — check which tee
Clayton Golf Club,,6237,6237,https://claytongolfclub.co.uk/about-us/,
Cleeve Hill Golf Club,,,,https://www.cleevehillgolfclub.co.uk/,no yardage found
Clevedon Golf Club,parkland,6492,6492,https://www.clevedongolfclub.co.uk/,
Cleveland Golf Club,links,,,https://www.clevelandgolfclub.co.uk/,no yardage found
Clitheroe Golf Course,parkland,6532,6532,https://www.clitheroegolfclub.com/,
Collingtree Park Golf Club (1st Tee),,,,https://www.collingtreeparkgolf.com/,no yardage found
Colne Valley Golf Club,parkland,,,https://www.colnevalleygolfclub.co.uk/golf-course/,no yardage found
Congleton Golf Club,parkland,,4749,https://www.congletongolfclub.co.uk/,"hand: cleared, figure too short to be this course's 18-hole length"
Consett & District Golf Club,parkland,6083,6083 5906 5352,https://www.consettanddistrictgolfclub.com/,several yardages — check which tee
Cooden Beach,,6531,6531 6510 6182,https://www.coodenbeachgc.com/,several yardages — check which tee
Coombe Wood Golf Club,parkland,5285,5285,https://www.coombewoodgolf.com/,
Copt Heath Golf Club (Copt Heath),,6541,6541,https://www.coptheathgolf.co.uk/course_at_copt_heath,
Copthorne,,,6424 5869,https://www.copthornegolfclub.co.uk/scorecard,"hand: cleared, the page gave one yardage for all of this club's courses"
Copthorne (Back 9),,,6424 5869,https://www.copthornegolfclub.co.uk/scorecard,"hand: cleared, the page gave one yardage for all of this club's courses"
Costessey Park Golf Course,parkland,6107,6107,https://www.costesseypark.com/,
Cottesmore Golf Club,parkland,,,https://www.cottesmoregolf.co.uk/golf,no yardage found
Cottingham Parks Golf and Leisure Club (Cottingham Parks),parkland,,5398 4837,https://www.cottinghamparks.co.uk/skidby_lakes_course,"hand: cleared, the page gave one yardage for all of this club's courses"
Cottingham Parks Golf and Leisure Club (Skidby Lakes),parkland,,5398 4837,https://www.cottinghamparks.co.uk/skidby_lakes_course,"hand: cleared, the page gave one yardage for all of this club's courses"
Cranleigh Golf Club,parkland,5644,5644,https://cranleighcountryclub.co.uk/,
Crewe Golf Club,,6517,6517 6448 6218 5599 5592,https://www.crewegolfclub.co.uk/course,several yardages — check which tee
Croham Hurst Golf Course,parkland,,,https://www.chgc.co.uk/,no yardage found
Crompton & Royton Golf Club,,6208,6208 5450,https://www.cromptonandroytongolfclub.co.uk/the-course,several yardages — check which tee
Crosland Heath Golf Course,heathland,5494,5494 4986,https://croslandheath.co.uk/,several yardages — check which tee
Crow Nest Park Golf Club,parkland,,,https://www.crownestgolf.co.uk/crow-nest-golf-club/the-course/,no yardage found
Crowborough,heathland,,,https://www.cbgc.co.uk/visitors,no yardage found
Crowborough Beacon Golf Club,heathland,,,https://www.cbgc.co.uk/visitors,no yardage found
Cuckfield Golf Centre,,,,https://cuckfieldgolf.co.uk,no yardage found
Dainton Park Golf Club,parkland,6400,6400 5772,https://daintonparkgolf.co.uk/,several yardages — check which tee
Dale Hill Golf Club (Ian Woosnam),,,,https://bookteetime.dalehill.co.uk,no yardage found
Dale Hill Golf Club (Old),,,,https://bookteetime.dalehill.co.uk,no yardage found
Darenth Valley Golf Course,,,,https://www.dvgc.co.uk/,no yardage found
Dartmouth Golf And Country Club (Championship),,,7200,https://thedartmouthhotel.co.uk/golf-course-devon/,"hand: cleared, the page gave one yardage for all of this club's courses"
Dartmouth Golf And Country Club (Dartmouth),,,7200,https://thedartmouthhotel.co.uk/golf-course-devon/,"hand: cleared, the page gave one yardage for all of this club's courses"
Darwen Golf Club,moorland,6218,6218,https://www.darwengolfclub.co.uk/,types seen: moorland/parkland
Davenport Golf Club,parkland,,,https://www.davenportgolf.co.uk/,no yardage found
Davyhulme Park Golf Club,parkland,,,https://davyhulmeparkgolfclub.co.uk/,no yardage found
Dean Wood Golf Club,parkland,6000,6000 5857 5216,https://www.deanwoodgolfclub.co.uk/scorecard-page,several yardages — check which tee
Delamere Forest Golf Club (1st Tee),heathland,6588,6588,https://www.delameregolf.co.uk/,
Donnington Grove Country Club,,,,https://www.donnington-grove.com/,no yardage found
Donnington Valley Golf Club,parkland,6221,6221,https://donnington.co:443/golf,
Dorking Golf Club,,,,https://www.dorkinggolfclub.co.uk,no yardage found
Douglas Valley Golf Course,,,,https://www.douglasvalleygolfclub.co.uk,no yardage found
Downes Crediton Golf Club (Summer),parkland,5954,5954 5761 5701 5503 5415 5330,https://www.downescreditongc.co.uk/,several yardages — check which tee
Drax Golf Club,woodland,,,https://www.draxgolfclub.com/,types seen: woodland/parkland; no yardage found
Drayton Park Golf Club,parkland,,,https://www.draytonparkgolfclubabingdon.co.uk/,no yardage found
Driffield Golf Course,parkland,6205,6205 6025 5591 5507 5363 4431,https://www.driffieldgolfclub.co.uk/,several yardages — check which tee
Dudley Golf Club,,5753,5753 5576 5529 5013 4841,https://www.dudleygolfclub.com/the_course_overview,several yardages — check which tee
Dukes Meadows Golf,,,,https://dukesmeadows.com/,no yardage found
Dukinfield Golf Course,,6043,6043,https://www.dukinfieldgolfclub.co.uk/,
Dunscar Golf Club,moorland,6033,6033,https://www.dunscargolfclub.com/,
Durham City Golf Course,parkland,,,https://www.durhamcitygolfclub.co.uk/,no yardage found
Dyke Golf Club,downland,,,https://dykegolfclub.co.uk/,no yardage found
East Brighton Golf Club,downland,6346,6346,https://www.ebgc.co.uk/,
East Horton Golf Club (Greenwood),parkland,,6186,https://www.easthorton.com/golf/,"hand: cleared, the page gave one yardage for all of this club's courses"
East Horton Golf Club (Marwell),parkland,,6186,https://www.easthorton.com/golf/,"hand: cleared, the page gave one yardage for all of this club's courses"
East Horton Golf Club (Parkland),parkland,,6186,https://www.easthorton.com/golf/,"hand: cleared, the page gave one yardage for all of this club's courses"
East Sussex National (East),,,,https://book.eastsussexnational.co.uk,no yardage found
East Sussex National (West),,,,https://book.eastsussexnational.co.uk,no yardage found
Eastbourne Downs,downland,,,https://www.eastbournedownsgolf.co.uk/,no yardage found
Eaton Golf Club Norwich (1st Tee),parkland,6138,6138,https://www.eatongc.co.uk/,
Eden Golf Club (Championship 1st Tee),,,6564 6179 5615 5541,https://www.edengolf.co.uk/eden_championship,"hand: cleared, the page gave one yardage for all of this club's courses"
Eden Golf Club (Hadrian's Course),,,6564 6179 5615 5541,https://www.edengolf.co.uk/eden_championship,"hand: cleared, the page gave one yardage for all of this club's courses"
Elfordleigh Hotel Golf & Country Club,parkland,,,https://www.elfordleigh.co.uk/,no yardage found
Ellesmere Golf Club,,6229,6229 6028 5511 5346 4284,https://www.ellesmeregolfclub.co.uk/golf-course,several yardages — check which tee
Elton Furze Golf Club,,,,https://www.efgc.co.uk/,no yardage found
Ely City Golf Club,parkland,6279,6279,https://www.elygolf.co.uk/,
Epsom Downs Golf Club,downland,5780,5780 5490 5076,https://www.epsomgolfclub.co.uk/,several yardages — check which tee
Essendon Country Club (New),,,7000 6700 6085 5654 4046,https://www.essendoncc.co.uk/new_course,"hand: cleared, the page gave one yardage for all of this club's courses"
Essendon Country Club (Old),,,7000 6700 6085 5654 4046,https://www.essendoncc.co.uk/new_course,"hand: cleared, the page gave one yardage for all of this club's courses"
Etchinghill Golf Club,downland,6101,6101 5592,https://www.etchinghillgolf.co.uk/golf/our-courses/,types seen: downland/parkland; several yardages — check which tee
Evesham Golf Course,,,,https://www.eveshamgolfclub.co.uk/,no yardage found
Exeter Golf and Country Golf Club,parkland,,,https://exetergcc.co.uk/,no yardage found
Exminster Golf Centre,,5255,5255 5112,https://www.exminstergolf.com/,several yardages — check which tee
Filey Golf Club,parkland,,,https://www.fileygolfclub.com/,types seen: parkland/links; no yardage found
Filton Golf Course,parkland,6193,6193,https://www.filtongolfclub.co.uk/,
Finchley Golf Course,parkland,6302,6302 5978 5691 5554,https://www.finchleygolfclub.com/,several yardages — check which tee
Five Lakes (Lakes),,6734,6734 6267 5725,https://www.fivelakesgolfclub.co.uk/,several yardages — check which tee
Forest Hills Golf Club,parkland,6432,6432,https://foresthillsgolfclub.co.uk/,
Forest Park Golf Club,parkland,6372,6372 6356,https://www.forestparkgolfclub.co.uk/,several yardages — check which tee
Formby Ladies Golf Club,heathland,5356,5356,https://formbyladiesgolfclub.co.uk/the-course/,
Fulford Golf Club,heathland,6925,6925,https://www.fulfordgolfclub.co.uk/course/course-tour/hole/1/,types seen: heathland/parkland
Fulwell Golf Club,,6607,6607 6470 6145 5855 5531 4295,https://www.fulwellgolfclub.co.uk/,several yardages — check which tee
Furness Golf Club,links,6564,6564 6226 5933 5361,https://furnessgolfclub.co.uk/,several yardages — check which tee
Ganstead Park Golf & Events,parkland,,,https://www.gansteadpark.co.uk/,no yardage found
Garesfield Golf Course,,,,https://www.garesfieldgolfclub.co.uk/,no yardage found
Garon Park Golf Complex,,,,https://www.garonparkgolf.co.uk,no yardage found
Gathurst Golf Club,,,,https://www.gathurstgolfclub.co.uk,no yardage found
Gatton Manor Golf Course,woodland,6600,6600,https://gattonmanor.co.uk/golf/,
Ghyll Golf Club,,6231,6231 5864 5407,https://www.ghyllgolfclub.co.uk/captains-welcome,several yardages — check which tee
Glen Gorse Golf Club,parkland,6751,6751 6294 5681 5414,https://www.glengorsegolfclub.co.uk/,several yardages — check which tee
Gloucester Golf Club,,,,https://www.gloucestergolf.com/,no yardage found
Golf Kingdom,,,,https://golfkingdom.net,no yardage found
Goring & Streatley Golf Club,parkland,6355,6355 6008,https://www.goringgolf.co.uk/the-course/,several yardages — check which tee
Gosforth Golf Club,,,,https://www.gosforthgolfclub.co.uk/,no yardage found
Gosport & Stokes Bay Golf Course,,,,https://www.gosportandstokesbaygolfclub.co.uk,no yardage found
Goswick Links Golf Club,links,,,https://www.goswickgolfclub.com,no yardage found
Grange Fell Golf Club,,5390,5390 4726,https://www.grangefellgolfclub.co.uk/course/score-card-and-description/,several yardages — check which tee
Grange Park Golf Club,parkland,6509,6509,https://www.grangeparkgolfclub.co.uk/,
Grange-over-Sands Golf Club,,6270,6270 6110 6044 5863 5388 5296,https://grangegolfclub.co.uk/,several yardages — check which tee
Great Barr Golf Club,parkland,,,https://www.greatbarrgolfclub.co.uk/visitors/,no yardage found
Great Hadham Golf Course,meadowland,6850,6850,https://www.greathadham.co.uk/,
Great Yarmouth and Caister Golf Club,,,,https://www.caistergolf.co.uk/,no yardage found
Greenmount Golf Club,,5954,5954 5756 5611 5263,https://www.greenmountgolfclub.co.uk/course-scorecards,several yardages — check which tee
Greetham Valley Golf Course (Academy),,,,https://golf.greethamvalley.co.uk,no yardage found
Greetham Valley Golf Course (Lakes),,,,https://golf.greethamvalley.co.uk,no yardage found
Greetham Valley Golf Course (Valley),,,,https://golf.greethamvalley.co.uk,no yardage found
Guildford Golf Club,downland,6160,6160 6117,https://www.guildfordgolfclub.co.uk/,types seen: downland/links; several yardages — check which tee
Hainault Forest Golf Club (The London),,,,https://www.hainaultforestgolfclub.co.uk,no yardage found
Hainault Forest Golf Club (The Old),,,,https://www.hainaultforestgolfclub.co.uk,no yardage found
Halifax Golf Club,moorland,6328,6328 6300 6123 5830 5248,https://www.halifaxgolfclub.co.uk/Page/CustomPage?pageId=21959,several yardages — check which tee
Hallowes Golf Club,parkland,6310,6310 6060 5679,https://www.hallowesgolfclub.co.uk/,several yardages — check which tee
Haltwhistle Golf Club,,5532,5532 5250,https://www.haltwhistlegolfclub.co.uk/course/,several yardages — check which tee
Ham Manor,parkland,6068,6068 5689 4137,https://www.hammanor.co.uk/,several yardages — check which tee
Hampton Court Palace Golf Club,parkland,6514,6514 6500,https://www.hamptoncourtgolf.co.uk/,several yardages — check which tee
Hamptworth Golf & Country Club,,,,https://www.hamptworthgolf.co.uk,no yardage found
Harpenden Golf Course,parkland,6430,6430,https://www.harpendengolfclub.co.uk/,
Hartlepool Golf Club (1st Tee),,6184,6184 5938 5930 5721 5514 5497,https://www.hartlepoolgolfclub.co.uk/the-course,several yardages — check which tee
Hatchford Brook Golf Course (18 Holes),,,,https://www.mytimeactive.co.uk/golf/centres/hatchford-brook/default.aspx,no yardage found
Haydock Park Golf Club,parkland,6073,6073 5826 5390 5097,https://www.haydockparkgc.co.uk/,several yardages — check which tee
Hayling Golf Club,links,6515,6515,https://www.haylinggolf.co.uk/,
Haywards Heath,parkland,,,https://www.haywardsheathgolfclub.co.uk/,no yardage found
Hellidon Lakes Golf Club (The Hellidon),parkland,,6187,https://hellidonlakeshotel.co.uk/,"hand: cleared, the page gave one yardage for all of this club's courses"
Hellidon Lakes Golf Club (The Lakes),parkland,,6187,https://hellidonlakeshotel.co.uk/,"hand: cleared, the page gave one yardage for all of this club's courses"
Hellidon Lakes Golf Club (The Valley),parkland,,6187,https://hellidonlakeshotel.co.uk/,"hand: cleared, the page gave one yardage for all of this club's courses"
Helsby Golf Club,,6260,6260 6055 5408 5391,https://www.helsbygolfclub.org/Page/CustomPage?pageId=16283,several yardages — check which tee
Henbury Golf Club,,5979,5979 5728 5716 5535 5495 5489,https://www.henburygolfclub.co.uk/hole_1,several yardages — check which tee
Hendon Golf Course,,6227,6227,https://www.hendongolf.com/,
Henley Golf Club,,,,https://www.henleygc.com,no yardage found
Hesketh Golf Club,,,,https://www.heskethgolfclub.co.uk,no yardage found
Heswall Golf Course,parkland,6837,6837,https://www.heswallgolfclub.com/the-course/course-tour/hole-1/,
Hever Castle Golf Club (Championship),,,,https://www.hevercastle.co.uk/golf/,no yardage found
Hever Castle Golf Club (Princes),,,,https://www.hevercastle.co.uk/golf/,no yardage found
Heworth Golf Club,parkland,6498,6498 6203 5643,https://www.theheworthgolfclub.co.uk/,several yardages — check which tee
Hexham Golf Club,,,,https://www.hexhamgolf.co.uk/,no yardage found
Heysham Golf Club,,,,https://www.heyshamgolfclub.co.uk,no yardage found
High Elms Golf Course (18 Holes),,,,https://www.hegc.org/home/index.php,no yardage found
High Elms Golf Course (9 Holes),,,,https://www.hegc.org/home/index.php,no yardage found
High Legh Park Golf Course (Championship 18 Hole),,,,https://golf.theclubathighleghpark.com,no yardage found
High Legh Park Golf Course (The Founders),,,,https://golf.theclubathighleghpark.com,no yardage found
High Post Golf Club,downland,6031,6031 5753 5678,https://www.highpostgolfclub.co.uk/course_info,several yardages — check which tee
Highcliffe Castle Golf Club,,,,https://www.highcliffecastlegolfclub.co.uk,no yardage found
Hill Barn Golf Club,downland,,,https://www.hillbarngolf.com/the-course,types seen: downland/parkland; no yardage found
Hillsborough Golf Club,,6254,6254 5993 5544 5531,https://www.hillsboroughgolfclub.co.uk/the_course_overview,several yardages — check which tee
Hindley Hall Golf Club,parkland,5655,5655 5159,https://www.hindleyhallgolfclub.co.uk/,several yardages — check which tee
Hinksey Heights Golf Course,,,,https://www.oxford-golf.co.uk/,no yardage found
Hockley Golf Club,downland,,,https://www.hockleygolfclub.com/,no yardage found
Hollinwell,heathland,7250,7250 6000,https://hollinwell.co.uk/,several yardages — check which tee
Holsworthy Golf Club,parkland,,,https://www.holsworthygolfclub.co.uk/,no yardage found
Holtye Golf Club,,,,https://www.holtye.com,no yardage found
Honiton Golf Club,parkland,5672,5672 5498 5401,https://www.honitongolfclub.co.uk/,several yardages — check which tee
Horsham Golf Club,,,,https://horshamgolf.co.uk,no yardage found
Houghwood Golf Club,parkland,,,https://www.houghwoodgolfclub.co.uk/,types seen: parkland/links; no yardage found
Houldsworth Golf Course,parkland,6249,6249 5958 5282,https://www.houldsworthgolfclub.co.uk/,several yardages — check which tee
Huddersfield Golf Club,,6500,6500,https://www.huddersfield-golf.co.uk/,
Hunley Golf Club (18 Hole),moorland,,6794,https://www.hunleygolf.co.uk/,"hand: cleared, the page gave one yardage for all of this club's courses"
Hunley Golf Club (9 Hole),moorland,,6794,https://www.hunleygolf.co.uk/,"hand: cleared, the page gave one yardage for all of this club's courses"
Hurlston Hall Golf Club,parkland,,,https://www.hurlstonhall.co.uk/the-course,no yardage found
Hurtmore Golf Club,,,,https://www.hurtmore-golf.co.uk/,no yardage found
Huyton & Prescot Golf Club,parkland,,,https://www.huytonandprescotgolf.co.uk/,no yardage found
Ifield Golf and Country Club,parkland,6319,6319,https://www.ifieldgolf.com/,
Ilkley Golf Club,,6271,6271,https://www.ilkleygolfclub.co.uk/the-course/course-tour/hole-1/,
Illfracombe Golf Club,,,,https://ilfracombegolfclub.com/,no yardage found
Ingleby Barwick Golf Academy,,,,https://www.inglebygolf.co.uk/,no yardage found
Ingrebourne Links Golf Course,parkland,,,https://ingrebournelinks.com/,types seen: parkland/links; no yardage found
Ipswich Golf Club,heathland,,,https://ipswichgolfclub.com/,no yardage found
Isle of Purbeck Golf Course (Dene),heathland,,4014,https://www.purbeckgolf.co.uk/,"hand: cleared, the page gave one yardage for all of this club's courses"
Isle of Purbeck Golf Course (Purbeck),heathland,,4014,https://www.purbeckgolf.co.uk/,"hand: cleared, the page gave one yardage for all of this club's courses"
Ivinghoe Golf Club,parkland,,,https://ivinghoegolfclub.co.uk/,no yardage found
JCB Golf & Country Club,,,,https://www.jcbgolfandcountryclub.com,no yardage found
Keighley Golf Course,parkland,6003,6003 5694 5492 5433,https://www.keighleygolfclub.com/course_introduction,several yardages — check which tee
Kendal Golf Club,,,,https://www.kendalgolfclub.co.uk/,no yardage found
Kenilworth Golf Club,parkland,6053,6053 5617,https://www.kenilworthgolfclub.co.uk/,several yardages — check which tee
Kilworth Springs,,,,https://www.kilworthsprings.co.uk/,no yardage found
Kings Hill Golf Club,heathland,,,https://kingshillgolf.com/,types seen: heathland/links; no yardage found
Kingsthorpe Golf Course,parkland,5854,5854,https://www.kingsthorpe-golf.co.uk/,
Kingswood Golf & Country Club,parkland,6900,6900,https://www.kingswood-golf.co.uk/,
Kirkby Lonsdale Golf Club (1st Tee),parkland,6594,6594,https://www.kirkbylonsdalegolfclub.com/,
Kirkbymoorside Golf,parkland,6207,6207 5989 5916 5449 5348,https://www.kirkbymoorsidegolf.co.uk/the-golf-course,several yardages — check which tee
Kirtlington Golf Club,,,,https://members.kirtlingtongolfclub.com,no yardage found
Kirtlington Golf Club (Blenheim),,,,https://members.kirtlingtongolfclub.com,no yardage found
Knaresborough Golf Club,parkland,6778,6778,https://www.knaresboroughgolfclub.co.uk/golf/the-golf-course/,
Knole Park,,6669,6669 6480 6205 5907 5478,https://www.knoleparkgolfclub.co.uk/the_course_overview,several yardages — check which tee
Knott End Golf Course,,,,https://www.knottendgolfclub.com,no yardage found
Knutsford Golf Club,,,,https://www.knutsfordgolf.com/,no yardage found
Lamberhurst,parkland,6448,6448,https://www.lamberhurstgolfclub.com/,
Lancaster Golf Club,parkland,6512,6512,https://www.lancastergc.co.uk/course_tour,
Langley Park Golf Course,,6477,6477 6311 6071 5861 5082,https://www.langleyparkgolf.co.uk/the_course_overview,several yardages — check which tee
Lanhydrock Hotel & Golf Club (1st Tee),parkland,6078,6078,https://www.lanhydrockhotel.com/,
Lansil Golf Club,,,,https://www.lansilgolfclub.co.uk,no yardage found
Launceston Golf Club,parkland,6385,6385 5682,https://www.launcestongolfclub.co.uk/the-course/course-overview/,several yardages — check which tee
Lea Marston Golf Course,,,,https://www.leamarstonhotel.co.uk/,no yardage found
Leasowe Golf Club,links,6282,6282 5348,https://www.leasowegolfclub.co.uk/,several yardages — check which tee
Lee-on-the-Solent Golf Course,heathland,5911,5911 5752 5656 5594 5471 5423,https://www.leegolf.co.uk/,types seen: heathland/parkland; several yardages — check which tee
Leeds Castle Golf Course,parkland,,,https://www.leeds-castle.com/,no yardage found
Lees Hall Golf Club,parkland,6069,6069 5901 5286,https://www.leeshallgolfclub.co.uk/,several yardages — check which tee
Leighton Buzzard Golf Club,parkland,6032,6032 5776 5535,https://www.lbgc.co.uk/golf-course-guide,several yardages — check which tee
Lewes Golf Club,downland,,,https://www.lewesgolfclub.co.uk/,no yardage found
Leyland Golf Club (Leyland),parkland,,,https://www.leylandgolfclub.co.uk/,no yardage found
Lickey Hills Golf Course (18 Holes),,,,https://www.mytimeactive.co.uk/locations/lickey-hills-golf-course,no yardage found
Lightcliffe Golf Club,,,,https://www.lightcliffegolfclub.co.uk/,no yardage found
Lilley Brook Golf Course,parkland,6212,6212,https://www.lilleybrook.co.uk/,
Limpsfield Chart Golf Club,heathland,5736,5736 5481 5289 5205 5127,https://www.limpsfieldchartgolf.co.uk/course_tour,several yardages — check which tee
Lindfield Golf Course,parkland,5957,5957,https://www.lindfieldgolfclub.co.uk/,
Lindrick Golf Club,heathland,6725,6725,https://www.lindrickgolfclub.co.uk/,types seen: heathland/moorland
Lingfield Park Golf Course,,,,https://www.lingfieldpark.co.uk/golf/,no yardage found
Little Aston Golf Club,parkland,6772,6772,https://www.littleastongolf.co.uk/,
Little Hay Golf Complex,,,,https://littlehaygolf.co.uk/,no yardage found
Little Hay Golf Complex (Pitch & Putt),,,,https://littlehaygolf.co.uk/,no yardage found
Littlehampton Golf Club,links,6226,6226 5864 5638 5615 4372,https://www.littlehamptongolf.co.uk/,several yardages — check which tee
London Club,downland,,,https://londongolf.co.uk/,no yardage found
Long Ashton Golf Club,parkland,,,https://www.longashtongolfclub.co.uk/,no yardage found
Longcliffe Golf Club,heathland,6612,6612,https://www.longcliffegolf.co.uk/course-overview,
Longhirst Hall Golf Course (Old Course),,6600,6600 6577 6321 5463,https://longhirstgolf.co.uk/old-course/,several yardages — check which tee
Lullingstone Park Golf Course (Castle Course),parkland,,6725,https://everyonegolf.com/venues/lullingstone-park-golf-course/,"hand: cleared, the page gave one yardage for all of this club's courses"
Lullingstone Park Golf Course (Valley Course),parkland,,6725,https://everyonegolf.com/venues/lullingstone-park-golf-course/,"hand: cleared, the page gave one yardage for all of this club's courses"
Lydd Golf Club,,6629,6629 6596 6300 5779,https://www.lyddgolfclub.co.uk/,several yardages — check which tee
Lyme Regis Golf Club (1st Tee),clifftop,6264,6264,https://www.lymeregisgolfclub.co.uk/,
Lymm Golf Club (Lymm 9 Minutes),heathland,6341,6341,https://www.lymmgolfclub.co.uk/,types seen: heathland/parkland
Lytham Green Drive Golf Course,parkland,6248,6248 6121 5747,https://www.lythamgreendrive.co.uk/,several yardages — check which tee
Malden Golf Club,parkland,,,https://www.maldengolfclub.com/,no yardage found
Manchester Golf Club,heathland,,,https://www.mangc.co.uk/,types seen: heathland/moorland/parkland; no yardage found
Mannings Heath (Kingfisher),,,,https://www.manningsheath.com/golf,no yardage found
Mannings Heath (Waterfall),,,,https://www.manningsheath.com/golf,no yardage found
Mapperley Golf Course (1st Tee),parkland,6303,6303 6292 6224 5895 5575 5564,https://www.mapperleygolfclub.org/,several yardages — check which tee
March Golf Club,parkland,6103,6103 5910 5466,https://marchgolfclub.co.uk/,several yardages — check which tee
Market Drayton Golf Club,parkland,,,https://www.marketdraytongolfclub.co.uk/,no yardage found
Marlborough Golf Course (Marlborough),downland,6444,6444,https://www.marlboroughgolfclub.co.uk/,types seen: downland/parkland
Marple Golf Club,parkland,5556,5556 5366 5155 5150,https://www.marplegolfclub.co.uk/,several yardages — check which tee
Marsden Golf Club,,,,https://marsdengolf.co.uk/,no yardage found
Masham Golf Course,parkland,6204,6204,https://mashamgolfclub.co.uk/,
Mattishall Golf Club,parkland,,,https://mattishallgolfclub.co.uk/course/,no yardage found
Mawgan Porth Golf Club,heathland,,,https://mawganporthgolfclub.co.uk/,no yardage found
Maylands Golf Club,,6331,6331,https://www.maylandsgolf.com/home/golf/the-course/,
Melton Mowbray Golf Club,parkland,6112,6112 5586,https://www.meltonmowbraygolfclub.com/,several yardages — check which tee
Mendip Spring Golf Club - Brinsea Championship Course (Brinsea),,,,https://www.mendipspringgolfclub.com,no yardage found
Mendip Spring Golf Club - Brinsea Championship Course (Lakeside),,,,https://www.mendipspringgolfclub.com,no yardage found
Mercure Hythe Imperial Golf Course,links,,,https://hythegolfclub.com/,no yardage found
Meyrick Park Golf Course,,,,https://golf.theclubatmeyrickpark.com,no yardage found
Mickleover Golf Course,parkland,5761,5761,https://www.mickleovergolfclub.co.uk/,
Mid Herts Golf Club,heathland,6000,6000,https://www.midhertsgolfclub.co.uk/,
Mid Sussex Golf Club,,6462,6462,https://www.midsussexgolfclub.co.uk/scorecard,
Middlesbrough Golf Club,parkland,6333,6333 6046 5691 5100,https://www.middlesbroughgolfclub.co.uk/,several yardages — check which tee
Milford Golf Club,,,,https://golf.milfordgolf.co.uk,no yardage found
Mill Green Golf Club,woodland,6501,6501 6500,https://www.millgreengolf.co.uk/golf/the-golf-course/,several yardages — check which tee
Millers Barn Golf Park,parkland,,,https://www.millersbarngolf.co.uk/course,no yardage found
Minchinhampton Golf Club (Avening),,,,https://members.minchinhamptongolfclub.co.uk,no yardage found
Minchinhampton Golf Club (Cherington),,,,https://members.minchinhamptongolfclub.co.uk,no yardage found
Minchinhampton Golf Club (Old),,,,https://members.minchinhamptongolfclub.co.uk,no yardage found
Mitcham Golf Club,parkland,5935,5935,https://www.mitchamgolfclub.co.uk/,
Moor Allerton Golf Course (18 Hole Course),parkland,,,https://moorallertongolfclub.co.uk/,no yardage found
Morecambe Golf Course,parkland,5791,5791,https://www.morecambegolfclub.com/,
Morley Hayes,parkland,6789,6789 6492 5855,https://www.morleyhayes.com/,several yardages — check which tee
Mossock Hall Golf Club,parkland,6249,6249,https://mossockhallgolfclub.co.uk/,
Mullion Golf Course,clifftop,6053,6053 5871 5422 5247,https://www.mulliongolfclub.co.uk/the-course/course-tour/hole-1/,several yardages — check which tee
Muswell Hill Golf Club,parkland,6411,6411,https://www.muswellhillgolfclub.co.uk/,
Nailcote Hall,,,,https://www.nailcotehall.co.uk/golf/,no yardage found
Naunton Downs Golf Club,,,,https://www.nauntondowns.co.uk/,no yardage found
Nazeing Golf Club,parkland,6521,6521,https://www.nazeinggolfclub.co.uk/,
Nevill Golf Club,,6206,6206 5596,https://www.nevillgolfclub.co.uk/the_course_overview,several yardages — check which tee
New Forest Golf Club,heathland,5500,5500,https://newforestgolfclub.co.uk/,types seen: heathland/parkland
Newbiggin by the Sea Golf Club,links,6729,6729 6529 6197 5628,https://www.newbiggingolfclub.co.uk/,several yardages — check which tee
Newbury & Crookham Golf Club,heathland,6000,6000,https://www.newburygolf.co.uk/,
Newquay Golf Course,links,,,https://www.newquaygolfclub.co.uk/,no yardage found
Newton Green Golf Course (1st Tee),,5961,5961 5623 5413,https://www.newtongreengolfclub.co.uk/scorecard,several yardages — check which tee
Nizels,parkland,,,https://www.nizelsgolfclub.com/,no yardage found
North Downs Golf Course,,5815,5815,https://www.northdownsgolfclub.co.uk/golf/the-golf-course/,
North Foreland Golf Club (North Foreland),clifftop,,,https://www.northforeland.co.uk/the-courses/,no yardage found
North Foreland Golf Club (Par 3 Northcliffe),clifftop,,,https://www.northforeland.co.uk/the-courses/,no yardage found
North Middlesex Golf Club,parkland,5587,5587,https://www.northmiddlesexgc.co.uk/,
North Shore Golf Course,parkland,6214,6214,https://northshoregolf.co.uk/,
Northcliffe Golf Course,parkland,6086,6086 5839 5321,https://www.northcliffegc.org.uk/,several yardages — check which tee
Northumberland Golf Club,heathland,6687,6687,https://www.thengc.co.uk/,
Notley Golf Course,parkland,6116,6116,https://notleysgolfclub.co.uk/,
Nottingham City Golf Club (1st Tee),parkland,6097,6097,https://www.nottinghamcitygolfclub.co.uk/,
Oakdale Golf Club,moorland,6379,6379,https://www.oakdalegolfclub.co.uk/,types seen: moorland/parkland
Oakland Park Golf Club,parkland,6835,6835,https://www.oaklandparkgolf.co.uk/,
Oakmere Park Golf Club,heathland,6753,6753 5433,https://oakmerepark.co.uk/,several yardages — check which tee
Ogbourne Downs Golf Club,downland,,,https://ogbournedowns.co.uk/,no yardage found
Old Fold Manor Golf Course,heathland,6500,6500,https://www.oldfoldmanor.co.uk/,types seen: heathland/links
Old Thorns,heathland,6288,6288,https://www.oldthorns.com/golf/,
Orchardleigh Golf Club,parkland,6824,6824,https://www.orchardleighgolf.com/,
Ormskirk Golf Club,heathland,,,https://www.ormskirkgolfclub.com/,types seen: heathland/parkland; no yardage found
Orpington Golf Centre (Cray 18 Holes),,,,https://www.mytimeactive.co.uk/orpington,no yardage found
Orpington Golf Centre (Cray 9 Holes),,,,https://www.mytimeactive.co.uk/orpington,no yardage found
Orpington Golf Centre (Ruxley 9 Holes),,,,https://www.mytimeactive.co.uk/orpington,no yardage found
Oswestry Golf Course,parkland,5926,5926 5381,https://www.oswestrygolfclub.co.uk/,several yardages — check which tee
Oundle Golf Club,parkland,,,https://www.oundlegolfclub.com/,no yardage found
Owston Hall Golf Course,,,,https://owstonhall.com/home/golf/,no yardage found
Oxford Golf Club,,6303,6303,https://www.oxfordgolfclub.co.uk/,
Park Wood Golf Club,parkland,6835,6835,https://www.parkwoodgolf.co.uk/,
Parley Golf Centre Course,,,,https://www.parleygolf.co.uk,no yardage found
Paultons Golf Centre,parkland,6238,6238,https://www.paultonsgolf.co.uk/,
Peacehaven Golf Course,downland,,,https://www.peacehavengc.com/,no yardage found
Pedham Place Golf Centre,downland,,,https://www.ppgc.co.uk/,no yardage found
Penn Common Golf Course,heathland,6453,6453 6174 5447,https://www.penngolfclub.co.uk/,several yardages — check which tee
Penrith Golf Course,parkland,,,https://www.penrithgolf.org/,no yardage found
Penwortham Golf Course (1st Tee),parkland,,,https://www.penworthamgc.co.uk/,no yardage found
Perranporth Golf Club (1st Tee),clifftop,6700,6700 6284,https://www.perranporthgolfclub.co.uk/,types seen: clifftop/links; several yardages — check which tee
Petersfield Golf Club,,,6308,https://www.petersfieldgolfclub.co.uk/course_introduction,"hand: cleared, the page gave one yardage for all of this club's courses"
Petersfield Golf Club (South Petersfield),,,6308,https://www.petersfieldgolfclub.co.uk/course_introduction,"hand: cleared, the page gave one yardage for all of this club's courses"
Pike Hills Golf Club,parkland,6212,6212 5811 5623,https://www.pikehillsgolfclub.co.uk/the-course/,several yardages — check which tee
Piltdown,heathland,,,https://www.piltdowngolfclub.co.uk/contact,no yardage found
Pinner Hill Golf Club,parkland,6392,6392,https://www.pinnerhillgc.co.uk/,
Pleasington Golf Club,heathland,,,https://www.pleasington-golf.co.uk/,types seen: heathland/links; no yardage found
Point at Polzeath Golf Course,parkland,6300,6300,https://www.thepointatpolzeath.co.uk/golf/,
Pontefract and District Golf Club,,5198,5198,https://pdgc.co.uk/wp-content/uploads/2026/07/scorecard.pdf,
Ponteland Golf Club,parkland,6627,6627 6611,https://www.thepontelandgolfclub.co.uk/,several yardages — check which tee
Porters Park Golf Club,parkland,6529,6529,https://www.portersparkgolfclub.co.uk/,
Porthpean Golf Club,parkland,,,https://www.porthpeangolfclub.co.uk/,no yardage found
Portmore Golf Park (1st Tee),parkland,6289,6289,https://portmoregolfpark.co.uk/,
Poult Wood Golf Course (18 Holes),,,,https://www.tmactive.co.uk/locations/poult-wood,no yardage found
Poult Wood Golf Course (9 Holes),,,,https://www.tmactive.co.uk/locations/poult-wood,no yardage found
Prestwich Golf Club,parkland,,,https://prestwichgolfclub.co.uk/,no yardage found
Prince's,links,,,https://www.princesgolfclub.co.uk/,no yardage found
Prudhoe Golf Club,,,,https://www.prudhoegolfclub.co.uk/,no yardage found
Puckrup Hall Hotel & Golf Club,parkland,6293,6293 6219 5912 5161,https://www.puckruphallgolfclub.co.uk/golf-at-puckrup,several yardages — check which tee
Pyecombe Golf Course,downland,,,https://www.pyecombegolfclub.co.uk/,no yardage found
Pyrford Golf Club,,6188,6188,https://www.pyrfordgolf.co.uk/golf/the-golf-course/,
Queen's Park Golf Course,heathland,,,https://www.queensparkgolfcourse.com/,types seen: heathland/parkland; no yardage found
Queensbury Golf Club,,,,https://queensburygc.co.uk/,no yardage found
REGC (Devonshire),downland,,,https://www.regc.co.uk/,types seen: downland/parkland; no yardage found
REGC (Hartington 9),downland,,,https://www.regc.co.uk/,types seen: downland/parkland; no yardage found
Radcliffe-on-Trent Golf Club,parkland,6495,6495,https://www.radcliffeontrentgc.co.uk/the-course/course-overview/,
Ramsdale Golf Centre,parkland,6672,6672,https://ramsdaleparkgc.co.uk/golf/,
Ramsey Golf & Bowls Club,parkland,5751,5751,https://www.ramseyclub.co.uk/golf/,
Redbourn Golf Club,,,,https://www.redbourngolfclub.co.uk/,no yardage found
Redlibbets,parkland,,,https://www.redlibbets.co.uk/,no yardage found
Reigate Heath Golf Club,,,,https://members.reigateheathgc.com,no yardage found
Reigate Hill Golf Club,,,,https://www.reigatehillgolfclub.co.uk/,no yardage found
Retford Golf Club,parkland,6196,6196 6038 5855 5558 5500,https://www.retfordgolfclub.co.uk/,several yardages — check which tee
Ripon City Golf Club,,,,https://www.riponcitygolfclub.com/,no yardage found
Rishton Golf Club,moorland,6127,6127 5253,https://www.rishtongolfclub.co.uk/,several yardages — check which tee
Rodway Hill Golf Club,,6071,6071,https://www.rodway-hill-golf-course.co.uk/golf/course-overview/,
Romanby Golf Club,parkland,6405,6405,https://www.romanby.com/,
Romford Golf Club,,6408,6408 6139 6111 5783 5426,https://www.romfordgolfclub.com/the_course,several yardages — check which tee
Rookery Park Golf Club - Main Course,,6714,6714,https://www.rookeryparkgolfclub.co.uk/,
Rookwood Golf Course,,,,https://www.intelligentgolf.co.uk,no yardage found
Ross-on-Wye Golf Club (Ross-on-Wye),,,,https://www.therossonwyegolfclub.co.uk,no yardage found
Rossendale Golf Club,,6048,6048 5229,https://www.rossendalegolfclub.net/hole_1,several yardages — check which tee
Rothbury Golf Club,parkland,,,https://www.rothburygolfclub.com/,no yardage found
Royal Ascot Golf Club,,6288,6288 6226,https://www.royalascotgolfclub.co.uk/the-course/course-overview/,several yardages — check which tee
Royal Ashdown Forest Golf Club (Old),heathland,,,https://www.royalashdown.co.uk/,no yardage found
Royal Ashdown Forest Golf Club (West),heathland,,,https://www.royalashdown.co.uk/,no yardage found
Royal Birkdale Golf Club,,6736,6736,https://royalbirkdale.com/visitors/,
Royal Blackheath Golf Club,parkland,6278,6278,https://www.royalblackheath.com/,
Royal Cinque Ports Golf Club,links,,,https://www.royalcinqueports.com/,no yardage found
Royal Lytham & St Annes Golf Course,links,7094,7094,https://www.royallytham.org/,
Royal Mid-Surrey Golf Club (Composite),parkland,,,https://www.rmsgc.co.uk/,no yardage found
Royal Mid-Surrey Golf Club (J H Taylor),parkland,,,https://www.rmsgc.co.uk/,no yardage found
Royal Mid-Surrey Golf Club (Pam Barton),parkland,,,https://www.rmsgc.co.uk/,no yardage found
Royal North Devon,links,7085,7085 6501 6050 5685 4572,https://www.royalnorthdevongolfclub.co.uk/,several yardages — check which tee
Royal Winchester Golf Club,downland,,,https://www.royalwinchestergolfclub.com/,no yardage found
Royston Golf Club,heathland,6042,6042 5976 5711 5317,https://www.roystongolfclub.co.uk/,several yardages — check which tee
Rudding Park Golf Course (6 Hole Short Course),,,,https://www.ruddingpark.co.uk/golf/,no yardage found
Rudding Park Golf Course (Hawtree Championship Course),,,,https://www.ruddingpark.co.uk/golf/,no yardage found
Rushden Golf Club,parkland,6460,6460 6137 5634 5597 5409,https://www.rushdengolfclub.org/course-information,several yardages — check which tee
Rushmore Golf Club,parkland,6349,6349 6336 5910 5895 5479 5465,https://www.rushmoregolfclub.co.uk/,types seen: parkland/links; several yardages — check which tee
Ryburn Golf Club,,5036,5036 4898 4748 4723 4722,https://www.ryburngolfclub.co.uk/course-scorecard,several yardages — check which tee
Salisbury Golf Centre (Bibury 9 Hole),downland,,6474,https://www.salisburygolf.co.uk/,"hand: cleared, the page gave one yardage for all of this club's courses"
Salisbury Golf Centre (Cathedral),downland,,6474,https://www.salisburygolf.co.uk/,"hand: cleared, the page gave one yardage for all of this club's courses"
Saltburn Golf Club,,,,https://www.saltburngolf.co.uk/,no yardage found
Saltford Golf Club,parkland,6183,6183 6125 5708 4789,https://www.saltfordgolfclub.co.uk/hole_1,several yardages — check which tee
Sand Moor Golf Course,heathland,6360,6360 5952,https://www.sandmoorgolf.co.uk/,types seen: heathland/moorland; several yardages — check which tee
Saunton Golf Course (East),links,,6741 6596 5910 5801 5695 5314,https://www.sauntongolf.co.uk/,"hand: cleared, the page gave one yardage for all of this club's courses"
Saunton Golf Course (West),links,,6741 6596 5910 5801 5695 5314,https://www.sauntongolf.co.uk/,"hand: cleared, the page gave one yardage for all of this club's courses"
Scarborough South Cliff Golf Club (Main Course),,,,https://www.southcliffgolfclub.com/,no yardage found
Scarcroft Golf Course (1st Tee),parkland,6458,6458,https://www.scarcroftgolfclub.co.uk/,
Scraptoft Golf Club,parkland,6257,6257 5954 5386,https://www.scraptoftgolfclub.co.uk/,several yardages — check which tee
Seaford Golf Club,downland,6546,6546 6234,https://www.seafordgolfclub.co.uk/,several yardages — check which tee
Seaford Head Golf Club,downland,,,https://www.seafordheadgolfcourse.co.uk/,types seen: downland/heathland/links; no yardage found
Seaton Carew Golf Club,links,,,https://www.seatoncarewgolfclub.co.uk/,no yardage found
Sedlescombe Golf Club,,6269,6269,https://www.sedlescombegolfclub.co.uk/course-guide/,
Selsey Golf Club,,,,https://www.selseycountryclub.co.uk/selsey-golf-club,no yardage found
Shaw Hill Golf Club (Golf Course),parkland,,,https://www.shaw-hill.co.uk/,no yardage found
Shay Grange Golf Course,,,,https://www.expressgolf.co.uk/,no yardage found
Sheerness Golf Club,,6667,6667 6501 6293 5641 4424 4380,https://sheernessgolfclub.co.uk/scorecard,several yardages — check which tee
Sherdley Park Golf Course,,,,https://www.sherdleyparkgolfclub.co.uk,no yardage found
Sherdons Golf Centre,,,,https://www.sherdons.co.uk/,no yardage found
Sherfield Oaks Golf Club,,6412,6412 5841,https://www.sherfieldoaksgolf.co.uk/golf/the-course/,several yardages — check which tee
Sherwood Forest Golf Club,heathland,6835,6835,https://www.sherwoodforestgolfclub.co.uk/,
Shifnal Golf Club (1st Tee),,,,https://www.shifnalgolfclub.com/,no yardage found
Shipley Golf Club,woodland,6220,6220 5930 5540,https://shipleygolf.club/,several yardages — check which tee
Shirley Park Golf Club,parkland,6132,6132 5883 5838 5573,https://www.shirleyparkgolfclub.co.uk/course,several yardages — check which tee
Shrewsbury Golf Club,parkland,6198,6198,https://www.shrewsburygolfclub.co.uk/,
Sickleholme Golf Club,parkland,6064,6064 5399,https://www.sickleholme.co.uk/course/course-overview/,several yardages — check which tee
Silloth on Solway Golf Club,links,,,https://www.sillothgolfclub.co.uk/,no yardage found
Silvermere Golf Club,,,,https://www.silvermere-golf.co.uk/,no yardage found
Singing Hills Golf Course (Lake/River),,,,https://www.singinghillsgolfcourse.co.uk,no yardage found
Singing Hills Golf Course (Lake/Valley),,,,https://www.singinghillsgolfcourse.co.uk,no yardage found
Singing Hills Golf Course (River/Lake),,,,https://www.singinghillsgolfcourse.co.uk,no yardage found
Singing Hills Golf Course (River/Valley),,,,https://www.singinghillsgolfcourse.co.uk,no yardage found
Singing Hills Golf Course (Valley/Lake),,,,https://www.singinghillsgolfcourse.co.uk,no yardage found
Singing Hills Golf Course (Valley/River),,,,https://www.singinghillsgolfcourse.co.uk,no yardage found
Skipton Golf Club,parkland,,,https://www.skiptongolfclub.co.uk/visitors/,no yardage found
Skylark Golf & Country Club,,5609,5609,https://www.skylarkcountryclub.uk/the_course,
Slinfold Golf & Country Club (Slinfold Main),parkland,,6424,https://www.slinfoldclub.co.uk/,"hand: cleared, the page gave one yardage for all of this club's courses"
Slinfold Golf & Country Club (The Academy),parkland,,6424,https://www.slinfoldclub.co.uk/,"hand: cleared, the page gave one yardage for all of this club's courses"
South Beds Golf Club,downland,,,https://www.southbedsgolfclub.co.uk/,no yardage found
South Bradford Golf Course,,,,https://www.southbradfordgolfclub.co.uk/,no yardage found
South Cerney Golf Course,,,,https://www.southcerneygolfcourse.co.uk/,no yardage found
South Herefordshire Golf Club,,6428,6428,https://www.south-herefordshiregc.co.uk/summer_green_fees,
South Moor Golf Club,heathland,,,https://www.southmoorgc.co.uk/,no yardage found
South Winchester Golf Club,,,,https://golf.southwinchestergolf.co.uk,no yardage found
Southport Golf Academy,,6500,6500,https://www.southport-golf.co.uk/,
Southport Old Links Golf Club,links,6460,6460,https://www.southportoldlinksgolfclub.co.uk/,
Southwell Golf Club,,5773,5773 5232,https://www.southwell-racecourse.co.uk/golf,several yardages — check which tee
Southwick Park Golf Course,,5472,5472 5232,https://www.southwickparkgolfclub.com/scorecard,several yardages — check which tee
Springwater Golf Club,parkland,,,https://www.springwatergolfclub.com/,no yardage found
St Audrys Golf Club,,,4047 4025 4000,https://www.staudrysgc.co.uk/,"hand: cleared, figure too short to be this course's 18-hole length"
St Augustine's Golf Club,,,,https://www.staugustinesgolfclub.co.uk/,no yardage found
St Austell Golf Course,parkland,6042,6042,https://staustellgolf.co.uk/,
St Enodoc Golf Club (The Church),links,,6557,https://www.st-enodoc.co.uk/,"hand: cleared, the page gave one yardage for all of this club's courses"
St Enodoc Golf Club (The Holywell),links,,6557,https://www.st-enodoc.co.uk/,"hand: cleared, the page gave one yardage for all of this club's courses"
St. Mellion International Resort (Kernow Course),,,6284 6200 5309,https://www.st-mellion.co.uk/en/courses.html,"hand: cleared, the page gave one yardage for all of this club's courses"
St. Mellion International Resort (Nicklaus Signature Course),,,6284 6200 5309,https://www.st-mellion.co.uk/en/courses.html,"hand: cleared, the page gave one yardage for all of this club's courses"
Staddon Heights Golf Club,clifftop,6068,6068,https://www.staddonheightsgolf.co.uk/,
Stand Golf Club,heathland,6318,6318 6157 5433,https://www.standgolfclub.co.uk/,types seen: heathland/parkland; several yardages — check which tee
Stapleford Abbotts Golf Course,,,,https://www.staplefordabbottsgolf.co.uk,no yardage found
Stinchcombe Hill Golf Course,,5809,5809,https://www.stinchcombehillgolfclub.com/the-course/course-tour/hole-1/,
Stocksfield Golf Club,parkland,5600,5600 5386 5224 5030,https://www.stocksfieldgolfclub.co.uk/course,several yardages — check which tee
Stoneham Golf Club,heathland,6400,6400,https://www.stonehamgolfclub.org.uk/,types seen: heathland/parkland
Stonelees Golf Centre (Executive 9/Heights 9),,,,https://stonelees.com/,no yardage found
Stonelees Golf Centre (The Executive),,,,https://stonelees.com/,no yardage found
Stonelees Golf Centre (The Heights),,,,https://stonelees.com/,no yardage found
Stoneleigh Deer Park Golf Club (Back 9),parkland,,6056,https://www.stoneleighdeerparkgolfclub.com/,"hand: cleared, the page gave one yardage for all of this club's courses"
Stoneleigh Deer Park Golf Club (Par 3 Course),parkland,,6056,https://www.stoneleighdeerparkgolfclub.com/,"hand: cleared, the page gave one yardage for all of this club's courses"
Stoneleigh Deer Park Golf Club (Tantara Main),parkland,,6056,https://www.stoneleighdeerparkgolfclub.com/,"hand: cleared, the page gave one yardage for all of this club's courses"
Stonyhurst Golf Club,,5751,5751 5384,https://www.stonyhurstpark.co.uk/scorecards-and-hole-by-hole,several yardages — check which tee
Stover Golf Club,parkland,6357,6357,https://www.stovergolfclub.co.uk/,
Stowmarket Golf Club,parkland,,,https://www.stowmarketgolfclub.co.uk/,no yardage found
Sturminster Marshall Golf Club,,,,https://www.sturminstermarshallgc.co.uk,no yardage found
Sunbury Golf (18 Hole),,,,https://golf.sunburygolf.co.uk,no yardage found
Sunbury Golf (9 Hole),,,,https://golf.sunburygolf.co.uk,no yardage found
Sundridge Park Golf Course (SPGC East),parkland,,,https://www.sundridgeparkgolfclub.co.uk/visitor_welcome,no yardage found
Sundridge Park Golf Course (SPGC West),parkland,,,https://www.sundridgeparkgolfclub.co.uk/visitor_welcome,no yardage found
Surbiton Golf Club,,,,https://www.surbitongolfclub.com/,no yardage found
Surrey Downs Golf Club,parkland,6265,6265,https://www.surreydownsgc.co.uk/,
Surrey National Golf Club,,7000,7000,https://surreynational.co.uk/golf/,
Sutton Green Golf Club,parkland,6433,6433,https://www.suttongreengc.co.uk/,
Swaffham Golf Club,,,,https://www.club-noticeboard.co.uk/swaffham/,no yardage found
Sweetwoods,parkland,,,https://sweetwoods.co.uk/,no yardage found
Tadcaster Golf Course,parkland,6631,6631 6549,https://www.tadcastergolf.co.uk/,several yardages — check which tee
Tall Pines Golf Club,parkland,6067,6067,https://www.tallpinesgolf.co.uk/,
Tavistock Golf Club,moorland,6512,6512 6167 5762,https://www.tavistockgolfclub.co.uk/,several yardages — check which tee
Teesside Golf Club,parkland,6191,6191,https://teessidegolfclub.co.uk/,
Tehidy Park Golf Club (Tehidy Park),parkland,6261,6261,https://www.tehidyparkgolfclub.co.uk/,
Teignmouth Golf Course,moorland,,,https://teignmouthgolfclub.co.uk/,no yardage found
Tenterden Golf Club,parkland,,,https://www.tenterden.golf/golf-course,no yardage found
Test Valley Golf Club,,,,https://www.testvalleygolf.com,no yardage found
Test Valley Golf Club (Front 9),,,,https://www.testvalleygolf.com,no yardage found
Thames Ditton and Esher Golf Club,,5190,5190,https://thamesdittonandeshergolfclub.com/,"hand: inland, not links"
The Caversham,,7319,7319 5536,https://thecaversham.co.uk/,"several yardages — check which tee; hand: club says 'inland links' — not coastal, left blank"
The Club at Mapledurham,,,,https://golf.theclubatmapledurham.com,no yardage found
The Drift Golf Club,woodland,,,https://www.driftgolfclub.com/,no yardage found
The Heron (Hawk-Vixen),parkland,,6755,https://www.heroncountryclub.uk/our_courses,"hand: cleared, the page gave one yardage for all of this club's courses"
The Heron (Heron-Hawk),parkland,,6755,https://www.heroncountryclub.uk/our_courses,"hand: cleared, the page gave one yardage for all of this club's courses"
The Heron (Vixen-Heron),parkland,,6755,https://www.heroncountryclub.uk/our_courses,"hand: cleared, the page gave one yardage for all of this club's courses"
The Inspiration Club,parkland,6610,6610 6100 5440,https://theinspirationclub.co.uk/,types seen: parkland/links; several yardages — check which tee
The Kidderminster Golf Club,parkland,6441,6441,https://www.thekidderminstergolfclub.com/,
The Leatherhead Club,,5757,5757 5455,https://www.theleatherheadclub.com/the_course,several yardages — check which tee
The Millbrook Golf Club (1st Tee),heathland,,,https://www.themillbrook.com/aboutus/,no yardage found
The Mount Golf & Country Club,parkland,6636,6636 5526,https://www.mountgolfandcountryclub.co.uk/golf,several yardages — check which tee
The Nine of Herts,,,,https://www.9ofherts.co.uk/,no yardage found
The Old Nene Golf & Country Club,,,,https://www.theoldnene.co.uk,no yardage found
The Rayleigh Club,,6616,6616 4670,https://www.therayleighclub.com/golf/,several yardages — check which tee
The Richmond Golf Club,,6100,6100 6091,https://therichmondgolfclub.com/,several yardages — check which tee
The Ridge,,6242,6242 5840 5550 5197,https://www.theridge.co.uk/,several yardages — check which tee
The South Staffordshire Golf Club,parkland,6594,6594 6587,https://southstaffordshiregolfclub.co.uk/,several yardages — check which tee
The Toft Country House Hotel and Golf Club,,6369,6369 6321,https://www.toftgolfclub.co.uk/the-course/course-overview/,several yardages — check which tee
The Weald of Kent Golf Course,parkland,,,https://www.weald-of-kent.co.uk/,no yardage found
The West Berkshire Golf Club,downland,7022,7022 7000 5450,https://www.thewbgc.co.uk/,several yardages — check which tee
The Woldingham Golf Club,,6000,6000,https://woldinghamgc.co.uk/golf/,
Thetford Golf Club (Thetford),heathland,6849,6849,https://www.thetfordgolfclub.co.uk/,
Theydon Bois Golf Club,,,,https://www.theydongolf.co.uk,no yardage found
Thornbury Golf Centre,parkland,6300,6300 6265 6200,https://thornburygc.co.uk/golf/our-courses/,several yardages — check which tee
Thorndon Park Golf Club,,,,https://www.thorndonpark.com,no yardage found
Thorpeness Hotel & Golf Club,heathland,6311,6311,https://www.thorpeness.co.uk/,
Three Rivers Golf & Country Club,parkland,6449,6449,https://threeriversclub.com/course/,
Thurlestone Hotel Golf Course,links,6175,6175,https://www.thurlestonegolfclub.co.uk/,
Tickenham Golf Club,,,,https://www.tickenhamgolf.co.uk/,no yardage found
Tidworth Garrison Golf Club,downland,6161,6161 5748 4317,https://www.tidworthgolfclub.co.uk/,several yardages — check which tee
Tilgate Forest Golf Centre,,,,https://www.intelligentgolf.co.uk,no yardage found
Tilsworth Golf Course,,,,https://www.tilsworthgolf.co.uk,no yardage found
Tiverton Golf Club,parkland,,,https://tivertongolfclub.co.uk/,no yardage found
Top Meadow,parkland,,,https://www.topmeadow.co.uk/,no yardage found
Torquay Golf Club (Torquay Golf Club),parkland,5559,5559 5301 4053,https://www.torquaygolfclub.co.uk/,several yardages — check which tee
Town Moor Golf Course (1st Tee),,,,https://dtmgc.co.uk/,no yardage found
Trent Lock Golf Centre (Canal Side 9 hole),,,,https://www.trentlock.co.uk/,no yardage found
Trent Lock Golf Centre (Riverside),,,,https://www.trentlock.co.uk/,no yardage found
Truro Golf Club (1st Tee),parkland,5372,5372,https://www.trurogolfclub.co.uk/,
Twisted Stone Golf Course,,,,https://www.twistedstonegc.com/,no yardage found
Tyrrells Wood Golf Course,,,,https://www.tyrrellswoodgolfclub.com,no yardage found
Ufford Park Golf Course (1st Tee),,,,https://www.uffordpark.co.uk/,no yardage found
Upavon Golf Club,,6722,6722,https://www.upavongolfclub.co.uk/visitor_information,
Upton-by-Chester Golf Club,parkland,5635,5635 5387 5249 4135,https://www.uptongolf.co.uk/,several yardages — check which tee
Vicars Cross Golf Club,parkland,6349,6349 6050 5660 5610 4676,https://www.vicarscrossgolf.co.uk/,several yardages — check which tee
Walmer and Kingsdown Golf Links,clifftop,6471,6471,https://www.kingsdowngolf.co.uk/,types seen: clifftop/downland
Walsall Golf Club,,,,https://www.walsallgolfclub.co.uk/,no yardage found
Wanstead Golf Club,parkland,5765,5765,https://wgclondon.co.uk/,
Wareham Golf Club,,5572,5572 5552 5191 4836,https://www.warehamgolfclub.com/course-scorecard,several yardages — check which tee
Warley Park Golf Club,parkland,6055,6055,https://www.warleyparkgc.co.uk/,
Waterlooville Golf Course,parkland,6550,6550,https://waterloovillegolfclub.com/,
Wath Golf Club (1st Tee),parkland,6096,6096,https://www.wathgolfclub.co.uk/,
Welford-on-Avon Golf Course,parkland,6080,6080,https://www.welfordgolf.co.uk/,
Wells Golf Club,parkland,5714,5714 5422,https://www.wellsgolfclub.co.uk/,types seen: parkland/woodland; several yardages — check which tee
Wergs Golf Club (1st Tee),,6949,6949,https://wergsgolfclub.com/,
Werneth Golf Club,moorland,,,https://www.wernethgolfclub.co.uk/,no yardage found
Werneth Low Golf Course,,,,https://www.wernethlowgolf.co.uk/,no yardage found
Wessex Golf Centre,,,,https://wessexgolfcentre.com,no yardage found
West Byfleet Golf Club,,6531,6531 5647,https://westbyfleetgolfclub.co.uk/,several yardages — check which tee
West Derby Golf Club,parkland,,,https://www.westderbygc.co.uk/course,no yardage found
West Essex Golf Club,parkland,6385,6385,https://westessexgolfclub.co.uk/,
West Kent Golf Club,downland,6427,6427 6160 6151 6000 5971 5951,https://www.wkgc.co.uk/hole_1,types seen: downland/parkland; several yardages — check which tee
West Lancashire Golf Club (West Lancashire Golf Club 1st Tee),links,7016,7016 5460,https://www.westlancashiregolf.co.uk/the-course/course-tour/hole-1/,several yardages — check which tee
West Malling (Hurricane),,,,https://www.westmallinggolf.com/,no yardage found
West Malling (Spitfire),,,,https://www.westmallinggolf.com/,no yardage found
West Surrey Golf Club,heathland,6482,6482 6415 6258,https://www.wsgc.co.uk/,types seen: heathland/parkland; several yardages — check which tee
West Sussex Golf Club,heathland,,,https://westsussexgolf.co.uk/,no yardage found
Westerham,woodland,6270,6270,https://westerhamgc.co.uk/,
Westerhope Golf Club,parkland,6392,6392,https://www.westerhopegolfclub.com/,
Westgate and Birchington Golf Club,,4877,4877,https://www.westgate-and-birchington-golfclub.co.uk/course-overview,
Westhoughton Golf Club,parkland,6023,6023 6000 5912 5672 5241,https://www.westhoughtongolfclub.co.uk/course-details,several yardages — check which tee
Weybrook Park Golf Club (Combo East to WF9),parkland,,6808 6574 6189 5635,https://www.weybrookpark.co.uk/the-course/the-east-course,"hand: cleared, the page gave one yardage for all of this club's courses"
Weybrook Park Golf Club (Weybrook Park East),parkland,,6808 6574 6189 5635,https://www.weybrookpark.co.uk/the-course/the-east-course,"hand: cleared, the page gave one yardage for all of this club's courses"
Weybrook Park Golf Club (Weybrook Park West),parkland,,6808 6574 6189 5635,https://www.weybrookpark.co.uk/the-course/the-east-course,"hand: cleared, the page gave one yardage for all of this club's courses"
Wharton Park Golf & Country Club,,,,https://www.whartonpark.co.uk,no yardage found
Whickham Golf Club (1st Tee),,,,https://www.whickhamgolfclub.co.uk/Intro.aspx,no yardage found
Whitby Golf Club,clifftop,5859,5859 5675 5576 5361 5275 5197,https://www.whitbygolfclub.co.uk/,several yardages — check which tee
Whitefields,,6289,6289,https://www.whitefieldsgolfclub.co.uk/course/,
Whitehill Golf,,,,https://www.whitehillgolf.co.uk/,no yardage found
Whiteleaf Golf Club,downland,,,https://www.whiteleafgolfclub.co.uk/scorecard,types seen: downland/parkland; no yardage found
Whitley Golf Club,parkland,,,https://www.whitleygolfclub.com/,no yardage found
Whitsand Bay Golf Club,,6015,6015,https://www.whitsandbaygolf.com/,
Whittington Heath Golf Club,heathland,6658,6658,https://www.whittingtonheathgc.co.uk/,
Wickham Park Golf Course,,,,https://golf.wickhamparkgolf.co.uk,no yardage found
Widnes Golf Club,parkland,,,https://www.widnesgolfclub.co.uk/,no yardage found
Wildernesse,,6500,6500 6178 5943 5713,https://www.wildernesse.co.uk/the_course,several yardages — check which tee
Willingdon,,6094,6094 5841 5527,https://www.willingdongolfclub.co.uk/,several yardages — check which tee
Wilpshire Golf Course,,,,https://www.wilpshiregolfclub.co.uk,no yardage found
Wiltshire Golf and Country Club (Garden),,,6628,https://the-wiltshire.co.uk/golf/course-and-facilities/,"hand: cleared, the page gave one yardage for all of this club's courses"
Wiltshire Golf and Country Club (Lakes),,,6628,https://the-wiltshire.co.uk/golf/course-and-facilities/,"hand: cleared, the page gave one yardage for all of this club's courses"
Windermere Golf Club,,,,https://www.windermeregolfclub.co.uk/,no yardage found
Withington Golf Club,,,,https://www.withingtongolfclub.co.uk/Intro.aspx,no yardage found
Wollaton Park Golf Club (1st Tee),parkland,6513,6513,https://www.wollatonparkgolfclub.com/,
Woodbury Park Hotel & Golf Club (The Acorns),,,,https://golf.woodburypark.co.uk,no yardage found
Woodbury Park Hotel & Golf Club (The Oaks),,,,https://golf.woodburypark.co.uk,no yardage found
Woodcote Park Golf Club,downland,6787,6787,https://www.woodcotepgc.com/,types seen: downland/parkland
Woodhall Hills Golf Club,parkland,,,https://www.woodhallhillsgolfclub.com/course/,no yardage found
Woodhall Spa National Golf Centre (Bracken),heathland,,6643 6537,https://www.linksgolfclub.co.uk/,"hand: heathland, not the page's 'parkland'"
Woodhall Spa National Golf Centre (Hotchkin),heathland,,6643 6537,https://www.linksgolfclub.co.uk/,"hand: heathland, not the page's 'parkland'"
Woodham Golf & Country Club,parkland,6671,6671,https://woodhamgolfandcountryclub.co.uk/,
Woodlands Golf & Country Club (Masters),parkland,,6139,https://www.woodlands-golf.com/,"hand: cleared, the page gave one yardage for all of this club's courses"
Woodlands Golf & Country Club (Signature),parkland,,6139,https://www.woodlands-golf.com/,"hand: cleared, the page gave one yardage for all of this club's courses"
Woodsome Hall Golf Club,,5812,5812 5801 5629 5607 5350 5001,https://www.woodsome.co.uk/the_course_overview,several yardages — check which tee
Woodspring Golf & Country Club (18 Hole),parkland,,,https://www.woodspring-golf.com/,no yardage found
Woodspring Golf & Country Club (9 Hole),parkland,,,https://www.woodspring-golf.com/,no yardage found
Woodspring Golf & Country Club (9 Holes Course 2),parkland,,,https://www.woodspring-golf.com/,no yardage found
Wooler Golf Club,,,,https://woolergolfclub.co.uk/,no yardage found
Woolston Manor Golf & Country Club,,6496,6496,https://www.woolstonmanor.co.uk/golf/the-course,
Woolton Golf Club,parkland,5556,5556 5432,https://www.wooltongolfclub.com/,several yardages — check which tee
Workington Golf Club,parkland,6295,6295 6245 6008 5410 5409 4394,https://www.workingtongolfclub.com/,several yardages — check which tee
Worksop Golf Club,heathland,6721,6721 6628 5928,https://www.worksopgolfclub.com/,several yardages — check which tee
Worldham Golf Club,parkland,6257,6257 5887,https://www.worldhamgolf.co.uk/,several yardages — check which tee
Wortley Golf Course,,5829,5829 5485 5408,https://www.wortleygolfclub.co.uk/our_course,several yardages — check which tee
Wycombe Heights Golf Centre,,6053,6053,https://wycombeheightsgc.co.uk/golf/courses/,
Yelverton Golf Club,moorland,6302,6302,https://www.yelvertongolf.co.uk/,
Yeovil Golf Club (Newton),parkland,,6043 5720 5407,https://www.yeovilgolfclub.com/old_course,"hand: cleared, the page gave one yardage for all of this club's courses"
Yeovil Golf Club (Old),parkland,,6043 5720 5407,https://www.yeovilgolfclub.com/old_course,"hand: cleared, the page gave one yardage for all of this club's courses"
York Golf Club,heathland,6367,6367 6182 5645,https://www.yorkgolfclub.co.uk/course/course-information,types seen: heathland/parkland; several yardages — check which tee
